513 64 3.0 -6.0 260.0 0
8
712.859967 3.173674 594.000000 720.859967 2.673674 632.000000
727.381269 2.980015 620.000000 747.381269 1.980015 653.000000
745.119696 2.469156 646.000000 763.119696 -3.530844 659.000000
747.884970 2.401026 672.000000 765.884970 -3.598974 685.000000
741.536344 2.802573 698.000000 759.536344 2.302573 733.000000
738.989766 2.746974 724.000000 748.989766 3.246974 760.000000
738.113250 2.710764 752.000000 758.113250 8.710764 817.000000
733.664150 3.900328 782.000000 778.664150 17.900328 912.000000
72 192
0.380000 0.000000 0.000000 1.000000 0.000000 0.000000 1.000000 -0.000000 0.000000 0.000000 0.000000
0.268701 0.000000 -0.268701 0.707107 0.000000 -0.707107 1.000000 -0.000000 0.000000 0.125000 0.000000
0.000000 0.000000 -0.380000 0.000000 0.000000 -1.000000 1.000000 -0.000000 0.000000 0.250000 0.000000
-0.268701 0.000000 -0.268701 -0.707107 0.000000 -0.707107 1.000000 -0.000000 0.000000 0.375000 0.000000
-0.380000 0.000000 -0.000000 -1.000000 0.000000 -0.000000 1.000000 -0.000000 0.000000 0.500000 0.000000
-0.268701 0.000000 0.268701 -0.707107 0.000000 0.707107 1.000000 -0.000000 0.000000 0.625000 0.000000
-0.000000 0.000000 0.380000 -0.000000 0.000000 1.000000 1.000000 -0.000000 0.000000 0.750000 0.000000
0.268701 0.000000 0.268701 0.707107 -0.000000 0.707107 1.000000 -0.000000 0.000000 0.875000 0.000000
0.380000 0.000000 0.000000 1.000000 -0.000000 0.000000 1.000000 -0.000000 0.000000 1.000000 0.000000
0.140000 6.500000 0.000000 1.000000 0.000000 0.000000 1.000000 -0.000000 0.000000 0.000000 1.000000
0.098995 6.500000 -0.098995 0.707107 0.000000 -0.707107 1.000000 -0.000000 0.000000 0.125000 1.000000
0.000000 6.500000 -0.140000 0.000000 0.000000 -1.000000 1.000000 -0.000000 0.000000 0.250000 1.000000
-0.098995 6.500000 -0.098995 -0.707107 0.000000 -0.707107 1.000000 -0.000000 0.000000 0.375000 1.000000
-0.140000 6.500000 -0.000000 -1.000000 0.000000 -0.000000 1.000000 -0.000000 0.000000 0.500000 1.000000
-0.098995 6.500000 0.098995 -0.707107 0.000000 0.707107 1.000000 -0.000000 0.000000 0.625000 1.000000
-0.000000 6.500000 0.140000 -0.000000 0.000000 1.000000 1.000000 -0.000000 0.000000 0.750000 1.000000
0.098995 6.500000 0.098995 0.707107 -0.000000 0.707107 1.000000 -0.000000 0.000000 0.875000 1.000000
0.140000 6.500000 0.000000 1.000000 -0.000000 0.000000 1.000000 -0.000000 0.000000 1.000000 1.000000
0.138280 3.715233 0.000000 0.768221 0.640184 0.000000 0.768221 0.640184 0.000000 0.000000 0.000000
0.097779 3.681482 -0.127279 0.543214 0.452679 -0.707107 0.768221 0.640184 0.000000 0.125000 0.000000
0.000000 3.600000 -0.180000 0.000000 0.000000 -1.000000 0.768221 0.640184 0.000000 0.250000 0.000000
-0.097779 3.518518 -0.127279 -0.543214 -0.452679 -0.707107 0.768221 0.640184 0.000000 0.375000 0.000000
-0.138280 3.484767 -0.000000 -0.768221 -0.640184 -0.000000 0.768221 0.640184 0.000000 0.500000 0.000000
-0.097779 3.518518 0.127279 -0.543214 -0.452679 0.707107 0.768221 0.640184 0.000000 0.625000 0.000000
-0.000000 3.600000 0.180000 -0.000000 -0.000000 1.000000 0.768221 0.640184 0.000000 0.750000 0.000000
0.097779 3.681482 0.127279 0.543214 0.452679 0.707107 0.768221 0.640184 0.000000 0.875000 0.000000
0.138280 3.715233 0.000000 0.768221 0.640184 0.000000 0.768221 0.640184 0.000000 1.000000 0.000000
-1.953907 6.038411 0.000000 0.768221 0.640184 0.000000 0.768221 0.640184 0.000000 0.000000 1.000000
-1.967407 6.027161 -0.042426 0.543214 0.452679 -0.707107 0.768221 0.640184 0.000000 0.125000 1.000000
-2.000000 6.000000 -0.060000 0.000000 0.000000 -1.000000 0.768221 0.640184 0.000000 0.250000 1.000000
-2.032593 5.972839 -0.042426 -0.543214 -0.452679 -0.707107 0.768221 0.640184 0.000000 0.375000 1.000000
-2.046093 5.961589 -0.000000 -0.768221 -0.640184 -0.000000 0.768221 0.640184 0.000000 0.500000 1.000000
-2.032593 5.972839 0.042426 -0.543214 -0.452679 0.707107 0.768221 0.640184 0.000000 0.625000 1.000000
-2.000000 6.000000 0.060000 -0.000000 -0.000000 1.000000 0.768221 0.640184 0.000000 0.750000 1.000000
-1.967407 6.027161 0.042426 0.543214 0.452679 0.707107 0.768221 0.640184 0.000000 0.875000 1.000000
-1.953907 6.038411 0.000000 0.768221 0.640184 0.000000 0.768221 0.640184 0.000000 1.000000 1.000000
0.102430 4.177085 0.000000 0.640184 -0.768221 0.000000 0.640184 -0.768221 0.000000 0.000000 0.000000
0.086164 4.224532 -0.111715 0.538526 -0.471675 -0.698221 0.640184 -0.768221 0.000000 0.125000 0.000000
0.019425 4.316187 -0.157989 0.121406 0.101171 -0.987434 0.640184 -0.768221 0.000000 0.250000 0.000000
-0.058693 4.398361 -0.111715 -0.366832 0.614754 -0.698221 0.640184 -0.768221 0.000000 0.375000 0.000000
-0.102430 4.422915 -0.000000 -0.640184 0.768221 -0.000000 0.640184 -0.768221 0.000000 0.500000 0.000000
-0.086164 4.375468 0.111715 -0.538526 0.471675 0.698221 0.640184 -0.768221 0.000000 0.625000 0.000000
-0.019425 4.283813 0.157989 -0.121406 -0.101171 0.987434 0.640184 -0.768221 0.000000 0.750000 0.000000
0.058693 4.201639 0.111715 0.366832 -0.614754 0.698221 0.640184 -0.768221 0.000000 0.875000 0.000000
0.102430 4.177085 0.000000 0.640184 -0.768221 0.000000 0.640184 -0.768221 0.000000 1.000000 0.000000
2.425607 6.269271 0.500000 0.640184 -0.768221 0.000000 0.640184 -0.768221 0.000000 0.000000 1.000000
2.421541 6.281133 0.472071 0.538526 -0.471675 -0.698221 0.640184 -0.768221 0.000000 0.125000 1.000000
2.404856 6.304047 0.460503 0.121406 0.101171 -0.987434 0.640184 -0.768221 0.000000 0.250000 1.000000
2.385327 6.324590 0.472071 -0.366832 0.614754 -0.698221 0.640184 -0.768221 0.000000 0.375000 1.000000
2.374393 6.330729 0.500000 -0.640184 0.768221 -0.000000 0.640184 -0.768221 0.000000 0.500000 1.000000
2.378459 6.318867 0.527929 -0.538526 0.471675 0.698221 0.640184 -0.768221 0.000000 0.625000 1.000000
2.395144 6.295953 0.539497 -0.121406 -0.101171 0.987434 0.640184 -0.768221 0.000000 0.750000 1.000000
2.414673 6.275410 0.527929 0.366832 -0.614754 0.698221 0.640184 -0.768221 0.000000 0.875000 1.000000
2.425607 6.269271 0.500000 0.640184 -0.768221 0.000000 0.640184 -0.768221 0.000000 1.000000 1.000000
0.158230 3.976266 0.000000 0.988936 -0.148340 0.000000 0.988936 -0.148340 0.000000 0.000000 0.000000
0.099530 3.900847 -0.076567 0.622062 -0.619706 -0.478543 0.988936 -0.148340 0.000000 0.125000 0.000000
-0.017473 3.883511 -0.108282 -0.109209 -0.728057 -0.676762 0.988936 -0.148340 0.000000 0.250000 0.000000
-0.124241 3.934413 -0.076567 -0.776506 -0.409921 -0.478543 0.988936 -0.148340 0.000000 0.375000 0.000000
-0.158230 4.023734 -0.000000 -0.988936 0.148340 -0.000000 0.988936 -0.148340 0.000000 0.500000 0.000000
-0.099530 4.099153 0.076567 -0.622062 0.619706 0.478543 0.988936 -0.148340 0.000000 0.625000 0.000000
0.017473 4.116489 0.108282 0.109209 0.728057 0.676762 0.988936 -0.148340 0.000000 0.750000 0.000000
0.124241 4.065587 0.076567 0.776506 0.409921 0.478543 0.988936 -0.148340 0.000000 0.875000 0.000000
0.158230 3.976266 0.000000 0.988936 -0.148340 0.000000 0.988936 -0.148340 0.000000 1.000000 0.000000
0.339557 5.994066 -2.200000 0.988936 -0.148340 0.000000 0.988936 -0.148340 0.000000 0.000000 1.000000
0.324882 5.975212 -2.219142 0.622062 -0.619706 -0.478543 0.988936 -0.148340 0.000000 0.125000 1.000000
0.295632 5.970878 -2.227070 -0.109209 -0.728057 -0.676762 0.988936 -0.148340 0.000000 0.250000 1.000000
0.268940 5.983603 -2.219142 -0.776506 -0.409921 -0.478543 0.988936 -0.148340 0.000000 0.375000 1.000000
0.260443 6.005934 -2.200000 -0.988936 0.148340 -0.000000 0.988936 -0.148340 0.000000 0.500000 1.000000
0.275118 6.024788 -2.180858 -0.622062 0.619706 0.478543 0.988936 -0.148340 0.000000 0.625000 1.000000
0.304368 6.029122 -2.172930 0.109209 0.728057 0.676762 0.988936 -0.148340 0.000000 0.750000 1.000000
0.331060 6.016397 -2.180858 0.776506 0.409921 0.478543 0.988936 -0.148340 0.000000 0.875000 1.000000
0.339557 5.994066 -2.200000 0.988936 -0.148340 0.000000 0.988936 -0.148340 0.000000 1.000000 1.000000
0 9 1 1 9 10 1 10 2 2 10 11 2 11 3 3 11 12 3 12 4 4 12 13 4 13 5 5 13 14 5 14 6 6 14 15 6 15 7 7 15 16 7 16 8 8 16 17 18 27 19 19 27 28 19 28 20 20 28 29 20 29 21 21 29 30 21 30 22 22 30 31 22 31 23 23 31 32 23 32 24 24 32 33 24 33 25 25 33 34 25 34 26 26 34 35 36 45 37 37 45 46 37 46 38 38 46 47 38 47 39 39 47 48 39 48 40 40 48 49 40 49 41 41 49 50 41 50 42 42 50 51 42 51 43 43 51 52 43 52 44 44 52 53 54 63 55 55 63 64 55 64 56 56 64 65 56 65 57 57 65 66 57 66 58 58 66 67 58 67 59 59 67 68 59 68 60 60 68 69 60 69 61 61 69 70 61 70 62 62 70 71
1152 1728
1.222291 8.033332 -0.987000 0.203058 0.979167 0.000000 -0.000000 0.000000 1.000000 0.000000 1.000000
1.222291 8.033332 0.987000 0.203058 0.979167 0.000000 -0.000000 0.000000 1.000000 1.000000 1.000000
-0.710584 8.434168 -0.987000 0.203058 0.979167 0.000000 -0.000000 0.000000 1.000000 0.000000 0.000000
-0.710584 8.434168 0.987000 0.203058 0.979167 0.000000 -0.000000 0.000000 1.000000 1.000000 0.000000
-0.439711 8.206134 1.741355 -0.256593 0.937500 0.235061 -0.675490 0.000000 -0.737369 0.000000 1.000000
-1.773129 8.206134 0.285789 -0.256593 0.937500 0.235061 -0.675490 0.000000 -0.737369 1.000000 1.000000
0.924882 8.893057 0.491275 -0.256593 0.937500 0.235061 -0.675490 0.000000 -0.737369 0.000000 0.000000
-0.408536 8.893057 -0.964290 -0.256593 0.937500 0.235061 -0.675490 0.000000 -0.737369 1.000000 0.000000
-0.840908 8.060469 -1.707883 0.038851 0.895833 -0.442689 0.996171 0.000000 0.087425 0.000000 1.000000
1.125534 8.060469 -1.535306 0.038851 0.895833 -0.442689 0.996171 0.000000 0.087425 1.000000 1.000000
-0.995508 8.937695 0.053721 0.038851 0.895833 -0.442689 0.996171 0.000000 0.087425 0.000000 0.000000
0.970933 8.937695 0.226298 0.038851 0.895833 -0.442689 0.996171 0.000000 0.087425 1.000000 0.000000
1.708190 7.598930 0.605845 0.316388 0.854167 0.412672 -0.793600 0.000000 0.608439 0.000000 1.000000
0.141623 7.598930 1.806904 0.316388 0.854167 0.412672 -0.793600 0.000000 0.608439 1.000000 1.000000
0.682285 8.625409 -0.732264 0.316388 0.854167 0.412672 -0.793600 0.000000 0.608439 0.000000 0.000000
-0.884282 8.625409 0.468795 0.316388 0.854167 0.412672 -0.793600 0.000000 0.608439 1.000000 0.000000
-1.472989 7.148435 0.741772 -0.574050 0.812500 -0.101541 0.174181 0.000000 -0.984714 0.000000 1.000000
-1.129156 7.148435 -1.202053 -0.574050 0.812500 -0.101541 0.174181 0.000000 -0.984714 1.000000 1.000000
0.106369 8.299200 1.021137 -0.574050 0.812500 -0.101541 0.174181 0.000000 -0.984714 0.000000 0.000000
0.450202 8.299200 -0.922688 -0.574050 0.812500 -0.101541 0.174181 0.000000 -0.984714 1.000000 0.000000
0.558071 7.010687 -1.524771 0.537503 0.770833 -0.341916 0.536729 0.000000 0.843755 0.000000 1.000000
1.617574 7.010687 0.140800 0.537503 0.770833 -0.341916 0.536729 0.000000 0.843755 1.000000 1.000000
-0.725807 8.268198 -0.708071 0.537503 0.770833 -0.341916 0.536729 0.000000 0.843755 0.000000 0.000000
0.333696 8.268198 0.957501 0.537503 0.770833 -0.341916 0.536729 0.000000 0.843755 1.000000 0.000000
0.557362 7.182238 1.728591 -0.177656 0.729167 0.660874 -0.965715 0.000000 -0.259603 0.000000 1.000000
-1.348961 7.182238 1.216135 -0.177656 0.729167 0.660874 -0.965715 0.000000 -0.259603 1.000000 1.000000
0.931028 8.533118 0.338564 -0.177656 0.729167 0.660874 -0.965715 0.000000 -0.259603 0.000000 0.000000
-0.975295 8.533118 -0.173892 -0.177656 0.729167 0.660874 -0.965715 0.000000 -0.259603 1.000000 0.000000
-1.724973 7.384857 -1.179894 -0.334705 0.687500 -0.644451 0.887448 0.000000 -0.460908 0.000000 1.000000
0.026849 7.384857 -2.089728 -0.334705 0.687500 -0.644451 0.887448 0.000000 -0.460908 1.000000 1.000000
-1.099463 8.818345 0.024483 -0.334705 0.687500 -0.644451 0.887448 0.000000 -0.460908 0.000000 0.000000
0.652359 8.818345 -0.885350 -0.334705 0.687500 -0.644451 0.887448 0.000000 -0.460908 1.000000 0.000000
2.159320 7.346907 -0.262182 0.717152 0.645833 0.261901 -0.343037 0.000000 0.939322 0.000000 1.000000
1.482165 7.346907 1.592039 0.717152 0.645833 0.261901 -0.343037 0.000000 0.939322 1.000000 1.000000
0.961802 8.854014 -0.699511 0.717152 0.645833 0.261901 -0.343037 0.000000 0.939322 0.000000 0.000000
0.284647 8.854014 1.154710 0.717152 0.645833 0.261901 -0.343037 0.000000 0.939322 1.000000 0.000000
-1.194578 7.050129 1.560891 -0.736572 0.604167 0.304048 -0.381558 0.000000 -0.924345 0.000000 1.000000
-1.947774 7.050129 -0.263766 -0.736572 0.604167 0.304048 -0.381558 0.000000 -0.924345 1.000000 1.000000
-0.092181 8.623127 1.105835 -0.736572 0.604167 0.304048 -0.381558 0.000000 -0.924345 0.000000 0.000000
-0.845377 8.623127 -0.718822 -0.736572 0.604167 0.304048 -0.381558 0.000000 -0.924345 1.000000 0.000000
-0.326672 6.716825 -1.630605 0.350433 0.562500 -0.748859 0.905735 0.000000 0.423844 0.000000 1.000000
1.461250 6.716825 -0.793937 0.350433 0.562500 -0.748859 0.905735 0.000000 0.423844 1.000000 1.000000
-0.797297 8.348923 -0.624899 0.350433 0.562500 -0.748859 0.905735 0.000000 0.423844 0.000000 0.000000
0.990624 8.348923 0.211769 0.350433 0.562500 -0.748859 0.905735 0.000000 0.423844 1.000000 0.000000
1.301601 6.577367 0.851827 0.255488 0.520833 0.814530 -0.954163 0.000000 0.299286 0.000000 1.000000
-0.581917 6.577367 1.442618 0.255488 0.520833 0.814530 -0.954163 0.000000 0.299286 1.000000 1.000000
0.993898 8.262488 -0.129172 0.255488 0.520833 0.814530 -0.954163 0.000000 0.299286 0.000000 0.000000
-0.889621 8.262488 0.461619 0.255488 0.520833 0.814530 -0.954163 0.000000 0.299286 1.000000 0.000000
-1.735842 6.658501 0.134811 -0.759418 0.479167 -0.440095 0.501405 0.000000 -0.865213 0.000000 1.000000
-0.746068 6.658501 -1.573119 -0.759418 0.479167 -0.440095 0.501405 0.000000 -0.865213 1.000000 1.000000
-0.917459 8.391128 0.609077 -0.759418 0.479167 -0.440095 0.501405 0.000000 -0.865213 0.000000 0.000000
0.072315 8.391128 -1.098852 -0.759418 0.479167 -0.440095 0.501405 0.000000 -0.865213 1.000000 0.000000
1.562668 6.786402 -1.354124 0.878244 0.437500 -0.193082 0.214722 0.000000 0.976675 0.000000 1.000000
1.986530 6.786402 0.573832 0.878244 0.437500 -0.193082 0.214722 0.000000 0.976675 1.000000 1.000000
0.719187 8.561459 -1.168685 0.878244 0.437500 -0.193082 0.214722 0.000000 0.976675 0.000000 0.000000
1.143048 8.561459 0.759272 0.878244 0.437500 -0.193082 0.214722 0.000000 0.976675 1.000000 0.000000
-0.325566 6.774359 2.179231 -0.528152 0.395833 0.751247 -0.818064 0.000000 -0.575127 0.000000 1.000000
-1.940425 6.774359 1.043931 -0.528152 0.395833 0.751247 -0.818064 0.000000 -0.575127 1.000000 1.000000
0.123823 8.587127 1.540016 -0.528152 0.395833 0.751247 -0.818064 0.000000 -0.575127 0.000000 0.000000
-1.491036 8.587127 0.404716 -0.528152 0.395833 0.751247 -0.818064 0.000000 -0.575127 1.000000 0.000000
-1.199609 6.595241 -1.576962 -0.120184 0.354167 -0.927427 0.991708 0.000000 -0.128514 0.000000 1.000000
0.758022 6.595241 -1.830649 -0.120184 0.354167 -0.927427 0.991708 0.000000 -0.128514 1.000000 1.000000
-1.109762 8.441291 -0.883634 -0.120184 0.354167 -0.927427 0.991708 0.000000 -0.128514 0.000000 0.000000
0.847869 8.441291 -1.137321 -0.120184 0.354167 -0.927427 0.991708 0.000000 -0.128514 1.000000 0.000000
1.608564 6.379360 0.064905 0.726356 0.312500 0.612169 -0.644444 0.000000 0.764651 0.000000 1.000000
0.336431 6.379360 1.574327 0.726356 0.312500 0.612169 -0.644444 0.000000 0.764651 1.000000 1.000000
1.136869 8.254498 -0.332637 0.726356 0.312500 0.612169 -0.644444 0.000000 0.764651 0.000000 0.000000
-0.135263 8.254498 1.176785 0.726356 0.312500 0.612169 -0.644444 0.000000 0.764651 1.000000 0.000000
-0.993830 6.266016 1.028946 -0.961804 0.270833 0.039777 -0.041322 0.000000 -0.999146 0.000000 1.000000
-1.075400 6.266016 -0.943368 -0.961804 0.270833 0.039777 -0.041322 0.000000 -0.999146 1.000000 1.000000
-0.459662 8.166240 1.006854 -0.961804 0.270833 0.039777 -0.041322 0.000000 -0.999146 0.000000 0.000000
-0.541231 8.166240 -0.965460 -0.961804 0.270833 0.039777 -0.041322 0.000000 -0.999146 1.000000 0.000000
0.167700 6.272958 -1.559328 0.689963 0.229167 -0.686611 0.705383 0.000000 0.708826 0.000000 1.000000
1.560126 6.272958 -0.160104 0.689963 0.229167 -0.686611 0.705383 0.000000 0.708826 1.000000 1.000000
-0.152955 8.194425 -1.240230 0.689963 0.229167 -0.686611 0.705383 0.000000 0.708826 0.000000 0.000000
1.239470 8.194425 0.158993 0.689963 0.229167 -0.686611 0.705383 0.000000 0.708826 1.000000 0.000000
0.910745 6.305980 1.672057 -0.045368 0.187500 0.981216 -0.998933 0.000000 -0.046187 0.000000 1.000000
-1.061149 6.305980 1.580883 -0.045368 0.187500 0.981216 -0.998933 0.000000 -0.046187 1.000000 1.000000
0.927840 8.244971 1.302327 -0.045368 0.187500 0.981216 -0.998933 0.000000 -0.046187 0.000000 0.000000
-1.044054 8.244971 1.211153 -0.045368 0.187500 0.981216 -0.998933 0.000000 -0.046187 1.000000 0.000000
-1.940500 6.274439 -0.784874 -0.633863 0.145833 -0.759573 0.767781 0.000000 -0.640713 0.000000 1.000000
-0.424901 6.274439 -2.049641 -0.633863 0.145833 -0.759573 0.767781 0.000000 -0.640713 1.000000 1.000000
-1.756055 8.227335 -0.563849 -0.633863 0.145833 -0.759573 0.767781 0.000000 -0.640713 0.000000 0.000000
-0.240456 8.227335 -1.828616 -0.633863 0.145833 -0.759573 0.767781 0.000000 -0.640713 1.000000 0.000000
1.746695 6.178284 -0.760887 0.985678 0.104167 0.132617 -0.133342 0.000000 0.991070 0.000000 1.000000
1.483477 6.178284 1.195486 0.985678 0.104167 0.132617 -0.133342 0.000000 0.991070 1.000000 1.000000
1.542906 8.141545 -0.788305 0.985678 0.104167 0.132617 -0.133342 0.000000 0.991070 0.000000 0.000000
1.279688 8.141545 1.168067 0.985678 0.104167 0.132617 -0.133342 0.000000 0.991070 1.000000 0.000000
-0.379221 6.083002 1.466259 -0.819251 0.062500 0.570019 -0.571136 0.000000 -0.820855 0.000000 1.000000
-1.506643 6.083002 -0.154110 -0.819251 0.062500 0.570019 -0.571136 0.000000 -0.820855 1.000000 1.000000
-0.277948 8.053143 1.395795 -0.819251 0.062500 0.570019 -0.571136 0.000000 -0.820855 0.000000 0.000000
-1.405370 8.053143 -0.224574 -0.819251 0.062500 0.570019 -0.571136 0.000000 -0.820855 1.000000 0.000000
-0.781766 6.029987 -1.021957 0.219429 0.020833 -0.975406 0.975618 0.000000 0.219476 0.000000 1.000000
1.144104 6.029987 -0.588711 0.219429 0.020833 -0.975406 0.975618 0.000000 0.219476 1.000000 1.000000
-0.790792 8.003558 -0.981835 0.219429 0.020833 -0.975406 0.975618 0.000000 0.219476 0.000000 0.000000
1.135078 8.003558 -0.548589 0.219429 0.020833 -0.975406 0.975618 0.000000 0.219476 1.000000 0.000000
1.319452 5.993377 0.317416 0.497078 -0.020833 0.867456 -0.867644 0.000000 0.497186 0.000000 1.000000
-0.393278 5.993377 1.298860 0.497078 -0.020833 0.867456 -0.867644 0.000000 0.497186 1.000000 1.000000
1.339898 7.966949 0.353098 0.497078 -0.020833 0.867456 -0.867644 0.000000 0.497186 0.000000 0.000000
-0.372831 7.966949 1.334542 0.497078 -0.020833 0.867456 -0.867644 0.000000 0.497186 1.000000 0.000000
-1.563872 5.927988 0.537101 -0.950832 -0.062500 -0.303335 0.303930 0.000000 -0.952695 0.000000 1.000000
-0.963915 5.927988 -1.343518 -0.950832 -0.062500 -0.303335 0.303930 0.000000 -0.952695 1.000000 1.000000
-1.681411 7.898129 0.499604 -0.950832 -0.062500 -0.303335 0.303930 0.000000 -0.952695 0.000000 0.000000
-1.081454 7.898129 -1.381015 -0.950832 -0.062500 -0.303335 0.303930 0.000000 -0.952695 1.000000 0.000000
1.032692 5.840691 -1.564395 0.902850 -0.104167 -0.417146 0.419428 0.000000 0.907789 0.000000 1.000000
1.860642 5.840691 0.227580 0.902850 -0.104167 -0.417146 0.419428 0.000000 0.907789 1.000000 1.000000
1.219356 7.803953 -1.650640 0.902850 -0.104167 -0.417146 0.419428 0.000000 0.907789 0.000000 0.000000
2.047306 7.803953 0.141335 0.902850 -0.104167 -0.417146 0.419428 0.000000 0.907789 1.000000 0.000000
0.355770 5.790525 1.706519 -0.381928 -0.145833 0.912614 -0.922476 0.000000 -0.386055 0.000000 1.000000
-1.465197 5.790525 0.944446 -0.381928 -0.145833 0.912614 -0.922476 0.000000 -0.386055 1.000000 1.000000
0.244634 7.743422 1.972077 -0.381928 -0.145833 0.912614 -0.922476 0.000000 -0.386055 0.000000 0.000000
-1.576333 7.743422 1.210003 -0.381928 -0.145833 0.912614 -0.922476 0.000000 -0.386055 1.000000 0.000000
-1.255023 5.811165 -0.573048 -0.332456 -0.187500 -0.924293 0.940981 0.000000 -0.338458 0.000000 1.000000
0.602475 5.811165 -1.241165 -0.332456 -0.187500 -0.924293 0.940981 0.000000 -0.338458 1.000000 1.000000
-1.380295 7.750156 -0.921329 -0.332456 -0.187500 -0.924293 0.940981 0.000000 -0.338458 0.000000 0.000000
0.477203 7.750156 -1.589446 -0.332456 -0.187500 -0.924293 0.940981 0.000000 -0.338458 1.000000 0.000000
0.971711 5.849698 -0.604316 0.861635 -0.229167 0.452844 -0.465225 0.000000 0.885193 0.000000 1.000000
0.053357 5.849698 1.143054 0.861635 -0.229167 0.452844 -0.465225 0.000000 0.885193 1.000000 1.000000
1.372150 7.771164 -0.393860 0.861635 -0.229167 0.452844 -0.465225 0.000000 0.885193 0.000000 0.000000
0.453796 7.771164 1.353510 0.861635 -0.229167 0.452844 -0.465225 0.000000 0.885193 1.000000 0.000000
-0.322866 5.807539 1.105825 -0.930829 -0.270833 0.245370 -0.254897 0.000000 -0.966968 0.000000 1.000000
-0.826033 5.807539 -0.802970 -0.930829 -0.270833 0.245370 -0.254897 0.000000 -0.966968 1.000000 1.000000
-0.839832 7.707763 1.242099 -0.930829 -0.270833 0.245370 -0.254897 0.000000 -0.966968 0.000000 0.000000
-1.342998 7.707763 -0.666696 -0.930829 -0.270833 0.245370 -0.254897 0.000000 -0.966968 1.000000 0.000000
-0.324736 5.653502 -1.319920 0.513746 -0.312500 -0.799005 0.841131 0.000000 0.540832 0.000000 1.000000
1.335657 5.653502 -0.252318 0.513746 -0.312500 -0.799005 0.841131 0.000000 0.540832 1.000000 1.000000
0.008890 7.528640 -1.838793 0.513746 -0.312500 -0.799005 0.841131 0.000000 0.540832 0.000000 0.000000
1.669282 7.528640 -0.771191 0.513746 -0.312500 -0.799005 0.841131 0.000000 0.540832 1.000000 0.000000
1.179058 5.483294 1.033280 0.158404 -0.354167 0.921669 -0.985550 0.000000 0.169383 0.000000 1.000000
-0.766419 5.483294 1.367643 0.158404 -0.354167 0.921669 -0.985550 0.000000 0.169383 1.000000 1.000000
1.297478 7.329344 1.722303 0.158404 -0.354167 0.921669 -0.985550 0.000000 0.169383 0.000000 0.000000
-0.647998 7.329344 2.056666 0.158404 -0.354167 0.921669 -0.985550 0.000000 0.169383 1.000000 0.000000
-1.493009 5.440722 0.092123 -0.726051 -0.395833 -0.562286 0.612297 0.000000 -0.790628 0.000000 1.000000
-0.284335 5.440722 -1.468576 -0.726051 -0.395833 -0.562286 0.612297 0.000000 -0.790628 1.000000 1.000000
-2.110786 7.253490 -0.386311 -0.726051 -0.395833 -0.562286 0.612297 0.000000 -0.790628 0.000000 0.000000
-0.902112 7.253490 -1.947010 -0.726051 -0.395833 -0.562286 0.612297 0.000000 -0.790628 1.000000 0.000000
0.611438 5.564088 -1.041043 0.896148 -0.437500 -0.074251 0.082573 0.000000 0.996585 0.000000 1.000000
0.774437 5.564088 0.926216 0.896148 -0.437500 -0.074251 0.082573 0.000000 0.996585 1.000000 1.000000
1.472114 7.339145 -1.112355 0.896148 -0.437500 -0.074251 0.082573 0.000000 0.996585 0.000000 0.000000
1.635113 7.339145 0.854904 0.896148 -0.437500 -0.074251 0.082573 0.000000 0.996585 1.000000 0.000000
0.530893 5.719834 0.879562 -0.596039 -0.479167 0.644311 -0.734070 0.000000 -0.679073 0.000000 1.000000
-0.918162 5.719834 -0.460929 -0.596039 -0.479167 0.644311 -0.734070 0.000000 -0.679073 1.000000 1.000000
-0.111426 7.452461 1.573901 -0.596039 -0.479167 0.644311 -0.734070 0.000000 -0.679073 0.000000 0.000000
-1.560480 7.452461 0.233410 -0.596039 -0.479167 0.644311 -0.734070 0.000000 -0.679073 1.000000 0.000000
-0.985960 5.714953 -0.215987 0.004157 -0.520833 -0.853648 0.999988 0.000000 0.004870 0.000000 1.000000
0.988017 5.714953 -0.206373 0.004157 -0.520833 -0.853648 0.999988 0.000000 0.004870 1.000000 1.000000
-0.980953 7.400075 -1.244100 0.004157 -0.520833 -0.853648 0.999988 0.000000 0.004870 0.000000 0.000000
0.993024 7.400075 -1.234486 0.004157 -0.520833 -0.853648 0.999988 0.000000 0.004870 1.000000 0.000000
1.038214 5.495183 -0.324528 0.555518 -0.562500 0.612367 -0.740650 0.000000 0.671891 0.000000 1.000000
-0.423829 5.495183 1.001786 0.555518 -0.562500 0.612367 -0.740650 0.000000 0.671891 1.000000 1.000000
1.784265 7.127281 0.497871 0.555518 -0.562500 0.612367 -0.740650 0.000000 0.671891 0.000000 0.000000
0.322223 7.127281 1.824185 0.555518 -0.562500 0.612367 -0.740650 0.000000 0.671891 1.000000 0.000000
-0.793065 5.226867 0.917735 -0.793458 -0.604167 -0.073531 0.092276 0.000000 -0.995734 0.000000 1.000000
-0.610913 5.226867 -1.047843 -0.793458 -0.604167 -0.073531 0.092276 0.000000 -0.995734 1.000000 1.000000
-1.980601 6.799864 0.807685 -0.793458 -0.604167 -0.073531 0.092276 0.000000 -0.995734 0.000000 0.000000
-1.798449 6.799864 -1.157893 -0.793458 -0.604167 -0.073531 0.092276 0.000000 -0.995734 1.000000 0.000000
-0.077882 5.156260 -1.179976 0.608152 -0.645833 -0.461574 0.604567 0.000000 0.796554 0.000000 1.000000
1.115533 5.156260 0.392421 0.608152 -0.645833 -0.461574 0.604567 0.000000 0.796554 1.000000 1.000000
0.937624 6.663367 -1.950724 0.608152 -0.645833 -0.461574 0.604567 0.000000 0.796554 0.000000 0.000000
2.131040 6.663367 -0.378326 0.608152 -0.645833 -0.461574 0.604567 0.000000 0.796554 1.000000 0.000000
0.918702 5.363859 0.464491 -0.129969 -0.687500 0.714459 -0.983854 0.000000 -0.178975 0.000000 1.000000
-1.023426 5.363859 0.111195 -0.129969 -0.687500 0.714459 -0.983854 0.000000 -0.178975 1.000000 1.000000
0.675811 6.797347 1.799704 -0.129969 -0.687500 0.714459 -0.983854 0.000000 -0.178975 0.000000 0.000000
-1.266317 6.797347 1.446408 -0.129969 -0.687500 0.714459 -0.983854 0.000000 -0.178975 1.000000 0.000000
-0.784928 5.658608 0.605822 -0.364487 -0.729167 -0.579194 0.846359 0.000000 -0.532614 0.000000 1.000000
0.885783 5.658608 -0.445557 -0.364487 -0.729167 -0.579194 0.846359 0.000000 -0.532614 1.000000 1.000000
-1.551559 7.009488 -0.612405 -0.364487 -0.729167 -0.579194 0.846359 0.000000 -0.532614 0.000000 0.000000
0.119153 7.009488 -1.663784 -0.364487 -0.729167 -0.579194 0.846359 0.000000 -0.532614 1.000000 0.000000
0.029625 5.740765 -1.015273 0.614384 -0.770833 0.168371 -0.264303 0.000000 0.964440 0.000000 1.000000
-0.492109 5.740765 0.888531 0.614384 -0.770833 0.168371 -0.264303 0.000000 0.964440 1.000000 1.000000
1.497141 6.998276 -0.613103 0.614384 -0.770833 0.168371 -0.264303 0.000000 0.964440 0.000000 0.000000
0.975407 6.998276 1.290701 0.614384 -0.770833 0.168371 -0.264303 0.000000 0.964440 1.000000 0.000000
0.572046 5.497102 0.815814 -0.518650 -0.812500 0.266169 -0.456581 0.000000 -0.889682 0.000000 1.000000
-0.329245 5.497102 -0.940418 -0.518650 -0.812500 0.266169 -0.456581 0.000000 -0.889682 1.000000 1.000000
-0.854892 6.647868 1.548113 -0.518650 -0.812500 0.266169 -0.456581 0.000000 -0.889682 0.000000 0.000000
-1.756183 6.647868 -0.208119 -0.518650 -0.812500 0.266169 -0.456581 0.000000 -0.889682 1.000000 0.000000
-0.933371 5.139347 -0.321725 0.180756 -0.854167 -0.487572 0.937640 0.000000 0.347607 0.000000 1.000000
0.917531 5.139347 0.364452 0.180756 -0.854167 -0.487572 0.937640 0.000000 0.347607 1.000000 1.000000
-0.347261 6.165826 -1.902704 0.180756 -0.854167 -0.487572 0.937640 0.000000 0.347607 0.000000 0.000000
1.503640 6.165826 -1.216527 0.180756 -0.854167 -0.487572 0.937640 0.000000 0.347607 1.000000 0.000000
0.867704 5.027308 -0.486245 0.167558 -0.895833 0.411591 -0.926192 0.000000 0.377052 0.000000 1.000000
-0.960599 5.027308 0.258056 0.167558 -0.895833 0.411591 -0.926192 0.000000 0.377052 1.000000 1.000000
1.534473 5.904534 1.151610 0.167558 -0.895833 0.411591 -0.926192 0.000000 0.377052 0.000000 0.000000
-0.293830 5.904534 1.895911 0.167558 -0.895833 0.411591 -0.926192 0.000000 0.377052 1.000000 0.000000
-0.032608 5.326603 1.076772 -0.314461 -0.937500 -0.149025 0.428250 0.000000 -0.903660 0.000000 1.000000
0.812758 5.326603 -0.707054 -0.314461 -0.937500 -0.149025 0.428250 0.000000 -0.903660 1.000000 1.000000
-1.704944 6.013525 0.284242 -0.314461 -0.937500 -0.149025 0.428250 0.000000 -0.903660 0.000000 0.000000
-0.859579 6.013525 -1.499584 -0.314461 -0.937500 -0.149025 0.428250 0.000000 -0.903660 1.000000 0.000000
-1.025264 5.845472 -0.716737 0.194044 -0.979167 -0.059828 0.294636 0.000000 0.955610 0.000000 1.000000
-0.443653 5.845472 1.169637 0.194044 -0.979167 -0.059828 0.294636 0.000000 0.955610 1.000000 1.000000
0.821810 6.246309 -1.286231 0.194044 -0.979167 -0.059828 0.294636 0.000000 0.955610 0.000000 0.000000
1.403421 6.246309 0.600142 0.194044 -0.979167 -0.059828 0.294636 0.000000 0.955610 1.000000 0.000000
-0.924997 6.898187 -0.752000 0.203058 0.979167 0.000000 -0.000000 0.000000 1.000000 0.000000 1.000000
-0.924997 6.898187 0.752000 0.203058 0.979167 0.000000 -0.000000 0.000000 1.000000 1.000000 1.000000
-2.397664 7.203587 -0.752000 0.203058 0.979167 0.000000 -0.000000 0.000000 1.000000 0.000000 0.000000
-2.397664 7.203587 0.752000 0.203058 0.979167 0.000000 -0.000000 0.000000 1.000000 1.000000 0.000000
-2.126523 6.422557 1.227356 -0.256593 0.937500 0.235061 -0.675490 0.000000 -0.737369 0.000000 1.000000
-3.142460 6.422557 0.118354 -0.256593 0.937500 0.235061 -0.675490 0.000000 -0.737369 1.000000 1.000000
-1.086833 6.945926 0.274915 -0.256593 0.937500 0.235061 -0.675490 0.000000 -0.737369 0.000000 0.000000
-2.102771 6.945926 -0.834088 -0.256593 0.937500 0.235061 -0.675490 0.000000 -0.737369 1.000000 0.000000
-2.566343 6.116497 -1.008956 0.038851 0.895833 -0.442689 0.996171 0.000000 0.087425 0.000000 1.000000
-1.068102 6.116497 -0.877469 0.038851 0.895833 -0.442689 0.996171 0.000000 0.087425 1.000000 1.000000
-2.684134 6.784860 0.333218 0.038851 0.895833 -0.442689 0.996171 0.000000 0.087425 0.000000 0.000000
-1.185893 6.784860 0.464706 0.038851 0.895833 -0.442689 0.996171 0.000000 0.087425 1.000000 0.000000
-0.684536 6.124112 0.349406 0.316388 0.854167 0.412672 -0.793600 0.000000 0.608439 0.000000 1.000000
-1.878111 6.124112 1.264499 0.316388 0.854167 0.412672 -0.793600 0.000000 0.608439 1.000000 1.000000
-1.466178 6.906191 -0.670106 0.316388 0.854167 0.412672 -0.793600 0.000000 0.608439 0.000000 0.000000
-2.659753 6.906191 0.244987 0.316388 0.854167 0.412672 -0.793600 0.000000 0.608439 1.000000 0.000000
-3.237095 6.317143 0.527162 -0.574050 0.812500 -0.101541 0.174181 0.000000 -0.984714 0.000000 1.000000
-2.975127 6.317143 -0.953848 -0.574050 0.812500 -0.101541 0.174181 0.000000 -0.984714 1.000000 1.000000
-2.033775 7.193916 0.740011 -0.574050 0.812500 -0.101541 0.174181 0.000000 -0.984714 0.000000 0.000000
-1.771807 7.193916 -0.740998 -0.574050 0.812500 -0.101541 0.174181 0.000000 -0.984714 1.000000 0.000000
-1.117044 6.421205 -1.389308 0.537503 0.770833 -0.341916 0.536729 0.000000 0.843755 0.000000 1.000000
-0.309804 6.421205 -0.120301 0.537503 0.770833 -0.341916 0.536729 0.000000 0.843755 1.000000 1.000000
-2.095237 7.379308 -0.767060 0.537503 0.770833 -0.341916 0.536729 0.000000 0.843755 0.000000 0.000000
-1.287996 7.379308 0.501947 0.537503 0.770833 -0.341916 0.536729 0.000000 0.843755 1.000000 0.000000
-1.533276 6.276625 1.532528 -0.177656 0.729167 0.660874 -0.965715 0.000000 -0.259603 0.000000 1.000000
-2.985712 6.276625 1.142085 -0.177656 0.729167 0.660874 -0.965715 0.000000 -0.259603 1.000000 1.000000
-1.248578 7.305866 0.473460 -0.177656 0.729167 0.660874 -0.965715 0.000000 -0.259603 0.000000 0.000000
-2.701014 7.305866 0.083018 -0.177656 0.729167 0.660874 -0.965715 0.000000 -0.259603 1.000000 0.000000
-3.106325 5.971511 -0.691136 -0.334705 0.687500 -0.644451 0.887448 0.000000 -0.460908 0.000000 1.000000
-1.771604 5.971511 -1.384342 -0.334705 0.687500 -0.644451 0.887448 0.000000 -0.460908 1.000000 1.000000
-2.629746 7.063692 0.226485 -0.334705 0.687500 -0.644451 0.887448 0.000000 -0.460908 0.000000 0.000000
-1.295024 7.063692 -0.466722 -0.334705 0.687500 -0.644451 0.887448 0.000000 -0.460908 1.000000 0.000000
-0.732002 5.734569 -0.374029 0.717152 0.645833 0.261901 -0.343037 0.000000 0.939322 0.000000 1.000000
-1.247929 5.734569 1.038711 0.717152 0.645833 0.261901 -0.343037 0.000000 0.939322 1.000000 1.000000
-1.644396 6.882840 -0.707232 0.717152 0.645833 0.261901 -0.343037 0.000000 0.939322 0.000000 0.000000
-2.160324 6.882840 0.705508 0.717152 0.645833 0.261901 -0.343037 0.000000 0.939322 1.000000 0.000000
-2.532012 5.710050 1.074436 -0.736572 0.604167 0.304048 -0.381558 0.000000 -0.924345 0.000000 1.000000
-3.105876 5.710050 -0.315778 -0.736572 0.604167 0.304048 -0.381558 0.000000 -0.924345 1.000000 1.000000
-1.692091 6.908524 0.727727 -0.736572 0.604167 0.304048 -0.381558 0.000000 -0.924345 0.000000 0.000000
-2.265954 6.908524 -0.662488 -0.736572 0.604167 0.304048 -0.381558 0.000000 -0.924345 1.000000 0.000000
-2.054944 5.835051 -1.443131 0.350433 0.562500 -0.748859 0.905735 0.000000 0.423844 0.000000 1.000000
-0.692718 5.835051 -0.805669 0.350433 0.562500 -0.748859 0.905735 0.000000 0.423844 1.000000 1.000000
-2.413516 7.078554 -0.676879 0.350433 0.562500 -0.748859 0.905735 0.000000 0.423844 0.000000 0.000000
-1.051290 7.078554 -0.039417 0.350433 0.562500 -0.748859 0.905735 0.000000 0.423844 1.000000 0.000000
-0.739760 5.921584 1.186352 0.255488 0.520833 0.814530 -0.954163 0.000000 0.299286 0.000000 1.000000
-2.174821 5.921584 1.636478 0.255488 0.520833 0.814530 -0.954163 0.000000 0.299286 1.000000 1.000000
-0.974201 7.205487 0.438924 0.255488 0.520833 0.814530 -0.954163 0.000000 0.299286 0.000000 0.000000
-2.409262 7.205487 0.889050 0.255488 0.520833 0.814530 -0.954163 0.000000 0.299286 1.000000 0.000000
-3.546063 5.843938 -0.084771 -0.759418 0.479167 -0.440095 0.501405 0.000000 -0.865213 0.000000 1.000000
-2.791950 5.843938 -1.386050 -0.759418 0.479167 -0.440095 0.501405 0.000000 -0.865213 1.000000 1.000000
-2.922533 7.164035 0.276575 -0.759418 0.479167 -0.440095 0.501405 0.000000 -0.865213 0.000000 0.000000
-2.168420 7.164035 -1.024704 -0.759418 0.479167 -0.440095 0.501405 0.000000 -0.865213 1.000000 0.000000
-0.895118 5.644741 -0.990883 0.878244 0.437500 -0.193082 0.214722 0.000000 0.976675 0.000000 1.000000
-0.572176 5.644741 0.478037 0.878244 0.437500 -0.193082 0.214722 0.000000 0.976675 1.000000 1.000000
-1.537770 6.997165 -0.849596 0.878244 0.437500 -0.193082 0.214722 0.000000 0.976675 0.000000 0.000000
-1.214828 6.997165 0.619324 0.878244 0.437500 -0.193082 0.214722 0.000000 0.976675 1.000000 0.000000
-1.805541 5.471383 1.173179 -0.528152 0.395833 0.751247 -0.818064 0.000000 -0.575127 0.000000 1.000000
-3.035910 5.471383 0.308188 -0.528152 0.395833 0.751247 -0.818064 0.000000 -0.575127 1.000000 1.000000
-1.463149 6.852540 0.686158 -0.528152 0.395833 0.751247 -0.818064 0.000000 -0.575127 0.000000 0.000000
-2.693518 6.852540 -0.178832 -0.528152 0.395833 0.751247 -0.818064 0.000000 -0.575127 1.000000 0.000000
-2.757398 5.424850 -0.764808 -0.120184 0.354167 -0.927427 0.991708 0.000000 -0.128514 0.000000 1.000000
-1.265870 5.424850 -0.958093 -0.120184 0.354167 -0.927427 0.991708 0.000000 -0.128514 1.000000 1.000000
-2.688943 6.831364 -0.236558 -0.120184 0.354167 -0.927427 0.991708 0.000000 -0.128514 0.000000 0.000000
-1.197415 6.831364 -0.429843 -0.120184 0.354167 -0.927427 0.991708 0.000000 -0.128514 1.000000 0.000000
-0.563230 5.474972 0.143168 0.726356 0.312500 0.612169 -0.644444 0.000000 0.764651 0.000000 1.000000
-1.532474 5.474972 1.293203 0.726356 0.312500 0.612169 -0.644444 0.000000 0.764651 1.000000 1.000000
-0.922617 6.903648 -0.159721 0.726356 0.312500 0.612169 -0.644444 0.000000 0.764651 0.000000 0.000000
-1.891861 6.903648 0.990315 0.726356 0.312500 0.612169 -0.644444 0.000000 0.764651 1.000000 0.000000
-3.264999 5.511922 0.809095 -0.961804 0.270833 0.039777 -0.041322 0.000000 -0.999146 0.000000 1.000000
-3.327147 5.511922 -0.693620 -0.961804 0.270833 0.039777 -0.041322 0.000000 -0.999146 1.000000 1.000000
-2.858013 6.959712 0.792263 -0.961804 0.270833 0.039777 -0.041322 0.000000 -0.999146 0.000000 0.000000
-2.920161 6.959712 -0.710452 -0.961804 0.270833 0.039777 -0.041322 0.000000 -0.999146 1.000000 0.000000
-1.419105 5.463351 -1.539467 0.689963 0.229167 -0.686611 0.705383 0.000000 0.708826 0.000000 1.000000
-0.358209 5.463351 -0.473392 0.689963 0.229167 -0.686611 0.705383 0.000000 0.708826 1.000000 1.000000
-1.663414 6.927325 -1.296345 0.689963 0.229167 -0.686611 0.705383 0.000000 0.708826 0.000000 0.000000
-0.602518 6.927325 -0.230270 0.689963 0.229167 -0.686611 0.705383 0.000000 0.708826 1.000000 0.000000
-1.201860 5.353703 1.182265 -0.045368 0.187500 0.981216 -0.998933 0.000000 -0.046187 0.000000 1.000000
-2.704255 5.353703 1.112800 -0.045368 0.187500 0.981216 -0.998933 0.000000 -0.046187 1.000000 1.000000
-1.188836 6.831029 0.900566 -0.045368 0.187500 0.981216 -0.998933 0.000000 -0.046187 0.000000 0.000000
-2.691231 6.831029 0.831101 -0.045368 0.187500 0.981216 -0.998933 0.000000 -0.046187 1.000000 0.000000
-2.991749 5.258217 -0.134575 -0.633863 0.145833 -0.759573 0.767781 0.000000 -0.640713 0.000000 1.000000
-1.837007 5.258217 -1.098207 -0.633863 0.145833 -0.759573 0.767781 0.000000 -0.640713 1.000000 1.000000
-2.851219 6.746138 0.033825 -0.633863 0.145833 -0.759573 0.767781 0.000000 -0.640713 0.000000 0.000000
-1.696477 6.746138 -0.929807 -0.633863 0.145833 -0.759573 0.767781 0.000000 -0.640713 1.000000 0.000000
-1.109825 5.216796 -0.652463 0.985678 0.104167 0.132617 -0.133342 0.000000 0.991070 0.000000 1.000000
-1.310371 5.216796 0.838107 0.985678 0.104167 0.132617 -0.133342 0.000000 0.991070 1.000000 1.000000
-1.265092 6.712614 -0.673353 0.985678 0.104167 0.132617 -0.133342 0.000000 0.991070 0.000000 0.000000
-1.465639 6.712614 0.817216 0.985678 0.104167 0.132617 -0.133342 0.000000 0.991070 1.000000 0.000000
-2.215974 5.203398 1.135966 -0.819251 0.062500 0.570019 -0.571136 0.000000 -0.820855 0.000000 1.000000
-3.074963 5.203398 -0.098600 -0.819251 0.062500 0.570019 -0.571136 0.000000 -0.820855 1.000000 1.000000
-2.138814 6.704458 1.082279 -0.819251 0.062500 0.570019 -0.571136 0.000000 -0.820855 0.000000 0.000000
-2.997802 6.704458 -0.152287 -0.819251 0.062500 0.570019 -0.571136 0.000000 -0.820855 1.000000 0.000000
-2.367654 5.173093 -1.347517 0.219429 0.020833 -0.975406 0.975618 0.000000 0.219476 0.000000 1.000000
-0.900325 5.173093 -1.017425 0.219429 0.020833 -0.975406 0.975618 0.000000 0.219476 1.000000 1.000000
-2.374531 6.676766 -1.316948 0.219429 0.020833 -0.975406 0.975618 0.000000 0.219476 0.000000 0.000000
-0.907202 6.676766 -0.986856 0.219429 0.020833 -0.975406 0.975618 0.000000 0.219476 1.000000 0.000000
-0.606083 5.120953 0.745516 0.497078 -0.020833 0.867456 -0.867644 0.000000 0.497186 0.000000 1.000000
-1.911020 5.120953 1.493283 0.497078 -0.020833 0.867456 -0.867644 0.000000 0.497186 1.000000 1.000000
-0.590504 6.624626 0.772702 0.497078 -0.020833 0.867456 -0.867644 0.000000 0.497186 0.000000 0.000000
-1.895441 6.624626 1.520469 0.497078 -0.020833 0.867456 -0.867644 0.000000 0.497186 1.000000 0.000000
-3.117851 5.081499 0.400820 -0.950832 -0.062500 -0.303335 0.303930 0.000000 -0.952695 0.000000 1.000000
-2.660741 5.081499 -1.032032 -0.950832 -0.062500 -0.303335 0.303930 0.000000 -0.952695 1.000000 1.000000
-3.207404 6.582558 0.372251 -0.950832 -0.062500 -0.303335 0.303930 0.000000 -0.952695 0.000000 0.000000
-2.750294 6.582558 -1.060602 -0.950832 -0.062500 -0.303335 0.303930 0.000000 -0.952695 1.000000 0.000000
-1.611109 5.074165 -0.961864 0.902850 -0.104167 -0.417146 0.419428 0.000000 0.907789 0.000000 1.000000
-0.980289 5.074165 0.403450 0.902850 -0.104167 -0.417146 0.419428 0.000000 0.907789 1.000000 1.000000
-1.468889 6.569983 -1.027574 0.902850 -0.104167 -0.417146 0.419428 0.000000 0.907789 0.000000 0.000000
-0.838069 6.569983 0.337740 0.902850 -0.104167 -0.417146 0.419428 0.000000 0.907789 1.000000 0.000000
-1.396742 5.067156 0.745378 -0.381928 -0.145833 0.912614 -0.922476 0.000000 -0.386055 0.000000 1.000000
-2.784146 5.067156 0.164751 -0.381928 -0.145833 0.912614 -0.922476 0.000000 -0.386055 1.000000 1.000000
-1.481417 6.555076 0.947708 -0.381928 -0.145833 0.912614 -0.922476 0.000000 -0.386055 0.000000 0.000000
-2.868821 6.555076 0.367080 -0.381928 -0.145833 0.912614 -0.922476 0.000000 -0.386055 1.000000 0.000000
-2.826898 5.010752 -0.355121 -0.332456 -0.187500 -0.924293 0.940981 0.000000 -0.338458 0.000000 1.000000
-1.411662 5.010752 -0.864162 -0.332456 -0.187500 -0.924293 0.940981 0.000000 -0.338458 1.000000 1.000000
-2.922343 6.488078 -0.620477 -0.332456 -0.187500 -0.924293 0.940981 0.000000 -0.338458 0.000000 0.000000
-1.507107 6.488078 -1.129519 -0.332456 -0.187500 -0.924293 0.940981 0.000000 -0.338458 1.000000 0.000000
-0.715740 4.905514 -0.227129 0.861635 -0.229167 0.452844 -0.465225 0.000000 0.885193 0.000000 1.000000
-1.415438 4.905514 1.104201 0.861635 -0.229167 0.452844 -0.465225 0.000000 0.885193 1.000000 1.000000
-0.410643 6.369488 -0.066781 0.861635 -0.229167 0.452844 -0.465225 0.000000 0.885193 0.000000 0.000000
-1.110341 6.369488 1.264548 0.861635 -0.229167 0.452844 -0.465225 0.000000 0.885193 1.000000 0.000000
-2.732626 4.820772 0.997172 -0.930829 -0.270833 0.245370 -0.254897 0.000000 -0.966968 0.000000 1.000000
-3.115991 4.820772 -0.457148 -0.930829 -0.270833 0.245370 -0.254897 0.000000 -0.966968 1.000000 1.000000
-3.126504 6.268562 1.101000 -0.930829 -0.270833 0.245370 -0.254897 0.000000 -0.966968 0.000000 0.000000
-3.509869 6.268562 -0.353320 -0.930829 -0.270833 0.245370 -0.254897 0.000000 -0.966968 1.000000 0.000000
-2.071434 4.827878 -1.123828 0.513746 -0.312500 -0.799005 0.841131 0.000000 0.540832 0.000000 1.000000
-0.806373 4.827878 -0.310417 0.513746 -0.312500 -0.799005 0.841131 0.000000 0.540832 1.000000 1.000000
-1.817243 6.256554 -1.519159 0.513746 -0.312500 -0.799005 0.841131 0.000000 0.540832 0.000000 0.000000
-0.552182 6.256554 -0.705748 0.513746 -0.312500 -0.799005 0.841131 0.000000 0.540832 1.000000 0.000000
-1.076851 4.912505 0.349827 0.158404 -0.354167 0.921669 -0.985550 0.000000 0.169383 0.000000 1.000000
-2.559118 4.912505 0.604580 0.158404 -0.354167 0.921669 -0.985550 0.000000 0.169383 1.000000 1.000000
-0.986626 6.319020 0.874797 0.158404 -0.354167 0.921669 -0.985550 0.000000 0.169383 0.000000 0.000000
-2.468893 6.319020 1.129549 0.158404 -0.354167 0.921669 -0.985550 0.000000 0.169383 1.000000 0.000000
-2.567583 4.968188 0.434137 -0.726051 -0.395833 -0.562286 0.612297 0.000000 -0.790628 0.000000 1.000000
-1.646688 4.968188 -0.754967 -0.726051 -0.395833 -0.562286 0.612297 0.000000 -0.790628 1.000000 1.000000
-3.038270 6.349345 0.069616 -0.726051 -0.395833 -0.562286 0.612297 0.000000 -0.790628 0.000000 0.000000
-2.117375 6.349345 -1.119488 -0.726051 -0.395833 -0.562286 0.612297 0.000000 -0.790628 1.000000 0.000000
-1.619119 4.896277 -0.777849 0.896148 -0.437500 -0.074251 0.082573 0.000000 0.996585 0.000000 1.000000
-1.494929 4.896277 0.721014 0.896148 -0.437500 -0.074251 0.082573 0.000000 0.996585 1.000000 1.000000
-0.963366 6.248702 -0.832182 0.896148 -0.437500 -0.074251 0.082573 0.000000 0.996585 0.000000 0.000000
-0.839177 6.248702 0.666681 0.896148 -0.437500 -0.074251 0.082573 0.000000 0.996585 1.000000 0.000000
-1.751859 4.718552 0.947252 -0.596039 -0.479167 0.644311 -0.734070 0.000000 -0.679073 0.000000 1.000000
-2.855900 4.718552 -0.074074 -0.596039 -0.479167 0.644311 -0.734070 0.000000 -0.679073 1.000000 1.000000
-2.241244 6.038649 1.476272 -0.596039 -0.479167 0.644311 -0.734070 0.000000 -0.679073 0.000000 0.000000
-3.345286 6.038649 0.454946 -0.596039 -0.479167 0.644311 -0.734070 0.000000 -0.679073 1.000000 0.000000
-2.648468 4.577723 -0.727057 0.004157 -0.520833 -0.853648 0.999988 0.000000 0.004870 0.000000 1.000000
-1.144486 4.577723 -0.719732 0.004157 -0.520833 -0.853648 0.999988 0.000000 0.004870 1.000000 1.000000
-2.644653 5.861626 -1.510381 0.004157 -0.520833 -0.853648 0.999988 0.000000 0.004870 0.000000 0.000000
-1.140671 5.861626 -1.503056 0.004157 -0.520833 -0.853648 0.999988 0.000000 0.004870 1.000000 0.000000
-0.962762 4.605417 -0.086077 0.555518 -0.562500 0.612367 -0.740650 0.000000 0.671891 0.000000 1.000000
-2.076699 4.605417 0.924447 0.555518 -0.562500 0.612367 -0.740650 0.000000 0.671891 1.000000 1.000000
-0.394341 5.848920 0.540512 0.555518 -0.562500 0.612367 -0.740650 0.000000 0.671891 0.000000 0.000000
-1.508278 5.848920 1.551037 0.555518 -0.562500 0.612367 -0.740650 0.000000 0.671891 1.000000 0.000000
-2.201145 4.779829 0.727315 -0.793458 -0.604167 -0.073531 0.092276 0.000000 -0.995734 0.000000 1.000000
-2.062362 4.779829 -0.770268 -0.793458 -0.604167 -0.073531 0.092276 0.000000 -0.995734 1.000000 1.000000
-3.105934 5.978303 0.643467 -0.793458 -0.604167 -0.073531 0.092276 0.000000 -0.995734 0.000000 0.000000
-2.967152 5.978303 -0.854116 -0.793458 -0.604167 -0.073531 0.092276 0.000000 -0.995734 1.000000 0.000000
-2.363837 4.924807 -0.592024 0.608152 -0.645833 -0.461574 0.604567 0.000000 0.796554 0.000000 1.000000
-1.454567 4.924807 0.605993 0.608152 -0.645833 -0.461574 0.604567 0.000000 0.796554 1.000000 1.000000
-1.590117 6.073078 -1.179261 0.608152 -0.645833 -0.461574 0.604567 0.000000 0.796554 0.000000 0.000000
-0.680848 6.073078 0.018756 0.608152 -0.645833 -0.461574 0.604567 0.000000 0.796554 1.000000 0.000000
-1.158730 4.871920 0.126826 -0.129969 -0.687500 0.714459 -0.983854 0.000000 -0.178975 0.000000 1.000000
-2.638446 4.871920 -0.142351 -0.129969 -0.687500 0.714459 -0.983854 0.000000 -0.178975 1.000000 1.000000
-1.343790 5.964101 1.144131 -0.129969 -0.687500 0.714459 -0.983854 0.000000 -0.178975 0.000000 0.000000
-2.823506 5.964101 0.874953 -0.129969 -0.687500 0.714459 -0.983854 0.000000 -0.178975 1.000000 0.000000
-2.618586 4.636832 0.270024 -0.364487 -0.729167 -0.579194 0.846359 0.000000 -0.532614 0.000000 1.000000
-1.345663 4.636832 -0.531027 -0.364487 -0.729167 -0.579194 0.846359 0.000000 -0.532614 1.000000 1.000000
-3.202686 5.666074 -0.658149 -0.364487 -0.729167 -0.579194 0.846359 0.000000 -0.532614 0.000000 0.000000
-1.929762 5.666074 -1.459200 -0.364487 -0.729167 -0.579194 0.846359 0.000000 -0.532614 1.000000 0.000000
-1.468372 4.427363 -0.661440 0.614384 -0.770833 0.168371 -0.264303 0.000000 0.964440 0.000000 1.000000
-1.865884 4.427363 0.789077 0.614384 -0.770833 0.168371 -0.264303 0.000000 0.964440 1.000000 1.000000
-0.350265 5.385466 -0.355025 0.614384 -0.770833 0.168371 -0.264303 0.000000 0.964440 0.000000 0.000000
-0.747777 5.385466 1.095492 0.614384 -0.770833 0.168371 -0.264303 0.000000 0.964440 1.000000 0.000000
-1.655950 4.454475 0.720001 -0.518650 -0.812500 0.266169 -0.456581 0.000000 -0.889682 0.000000 1.000000
-2.342648 4.454475 -0.618081 -0.518650 -0.812500 0.266169 -0.456581 0.000000 -0.889682 1.000000 1.000000
-2.743142 5.331249 1.277943 -0.518650 -0.812500 0.266169 -0.456581 0.000000 -0.889682 0.000000 0.000000
-3.429840 5.331249 -0.060139 -0.518650 -0.812500 0.266169 -0.456581 0.000000 -0.889682 1.000000 0.000000
-2.661158 4.718720 -0.110205 0.180756 -0.854167 -0.487572 0.937640 0.000000 0.347607 0.000000 1.000000
-1.250947 4.718720 0.412596 0.180756 -0.854167 -0.487572 0.937640 0.000000 0.347607 1.000000 1.000000
-2.214598 5.500799 -1.314760 0.180756 -0.854167 -0.487572 0.937640 0.000000 0.347607 0.000000 0.000000
-0.804387 5.500799 -0.791959 0.180756 -0.854167 -0.487572 0.937640 0.000000 0.347607 1.000000 0.000000
-1.349639 4.989092 -0.642511 0.167558 -0.895833 0.411591 -0.926192 0.000000 0.377052 0.000000 1.000000
-2.742632 4.989092 -0.075425 0.167558 -0.895833 0.411591 -0.926192 0.000000 0.377052 1.000000 1.000000
-0.841624 5.657455 0.605378 0.167558 -0.895833 0.411591 -0.926192 0.000000 0.377052 0.000000 0.000000
-2.234617 5.657455 1.172465 0.167558 -0.895833 0.411591 -0.926192 0.000000 0.377052 1.000000 0.000000
-1.793179 5.017563 0.882794 -0.314461 -0.937500 -0.149025 0.428250 0.000000 -0.903660 0.000000 1.000000
-1.149091 5.017563 -0.476311 -0.314461 -0.937500 -0.149025 0.428250 0.000000 -0.903660 1.000000 1.000000
-3.067340 5.540932 0.278962 -0.314461 -0.937500 -0.149025 0.428250 0.000000 -0.903660 0.000000 0.000000
-2.423252 5.540932 -1.080143 -0.314461 -0.937500 -0.149025 0.428250 0.000000 -0.903660 1.000000 0.000000
-2.638385 4.804545 -0.559272 0.194044 -0.979167 -0.059828 0.294636 0.000000 0.955610 0.000000 1.000000
-2.195252 4.804545 0.877965 0.194044 -0.979167 -0.059828 0.294636 0.000000 0.955610 1.000000 1.000000
-1.231090 5.109945 -0.993172 0.194044 -0.979167 -0.059828 0.294636 0.000000 0.955610 0.000000 0.000000
-0.787958 5.109945 0.444065 0.194044 -0.979167 -0.059828 0.294636 0.000000 0.955610 1.000000 0.000000
2.986823 6.692263 -0.346000 0.203058 0.979167 0.000000 -0.000000 0.000000 1.000000 0.000000 1.000000
2.986823 6.692263 1.346000 0.203058 0.979167 0.000000 -0.000000 0.000000 1.000000 1.000000 1.000000
1.330073 7.035837 -0.346000 0.203058 0.979167 0.000000 -0.000000 0.000000 1.000000 0.000000 0.000000
1.330073 7.035837 1.346000 0.203058 0.979167 0.000000 -0.000000 0.000000 1.000000 1.000000 0.000000
1.806457 6.463925 1.824624 -0.256593 0.937500 0.235061 -0.675490 0.000000 -0.737369 0.000000 1.000000
0.663527 6.463925 0.576996 -0.256593 0.937500 0.235061 -0.675490 0.000000 -0.737369 1.000000 1.000000
2.976108 7.052716 0.753127 -0.256593 0.937500 0.235061 -0.675490 0.000000 -0.737369 0.000000 0.000000
1.833179 7.052716 -0.494501 -0.256593 0.937500 0.235061 -0.675490 0.000000 -0.737369 1.000000 0.000000
1.261656 6.603932 -0.763743 0.038851 0.895833 -0.442689 0.996171 0.000000 0.087425 0.000000 1.000000
2.947177 6.603932 -0.615819 0.038851 0.895833 -0.442689 0.996171 0.000000 0.087425 1.000000 1.000000
1.129141 7.355840 0.746203 0.038851 0.895833 -0.442689 0.996171 0.000000 0.087425 0.000000 0.000000
2.814663 7.355840 0.894127 0.038851 0.895833 -0.442689 0.996171 0.000000 0.087425 1.000000 0.000000
3.539730 6.817382 1.117860 0.316388 0.854167 0.412672 -0.793600 0.000000 0.608439 0.000000 1.000000
2.196958 6.817382 2.147340 0.316388 0.854167 0.412672 -0.793600 0.000000 0.608439 1.000000 1.000000
2.660383 7.697221 -0.029091 0.316388 0.854167 0.412672 -0.793600 0.000000 0.608439 0.000000 0.000000
1.317611 7.697221 1.000389 0.316388 0.854167 0.412672 -0.793600 0.000000 0.608439 1.000000 0.000000
0.333628 6.798775 1.064377 -0.574050 0.812500 -0.101541 0.174181 0.000000 -0.984714 0.000000 1.000000
0.628343 6.798775 -0.601759 -0.574050 0.812500 -0.101541 0.174181 0.000000 -0.984714 1.000000 1.000000
1.687363 7.785145 1.303832 -0.574050 0.812500 -0.101541 0.174181 0.000000 -0.984714 0.000000 0.000000
1.982078 7.785145 -0.362303 -0.574050 0.812500 -0.101541 0.174181 0.000000 -0.984714 1.000000 0.000000
2.747788 6.495566 -0.978344 0.537503 0.770833 -0.341916 0.536729 0.000000 0.843755 0.000000 1.000000
3.655934 6.495566 0.449289 0.537503 0.770833 -0.341916 0.536729 0.000000 0.843755 1.000000 1.000000
1.647321 7.573433 -0.278315 0.537503 0.770833 -0.341916 0.536729 0.000000 0.843755 0.000000 0.000000
2.555467 7.573433 1.149318 0.537503 0.770833 -0.341916 0.536729 0.000000 0.843755 1.000000 0.000000
2.509008 6.127862 1.865328 -0.177656 0.729167 0.660874 -0.965715 0.000000 -0.259603 0.000000 1.000000
0.875018 6.127862 1.426079 -0.177656 0.729167 0.660874 -0.965715 0.000000 -0.259603 1.000000 1.000000
2.829293 7.285759 0.673876 -0.177656 0.729167 0.660874 -0.965715 0.000000 -0.259603 0.000000 0.000000
1.195303 7.285759 0.234628 -0.177656 0.729167 0.660874 -0.965715 0.000000 -0.259603 1.000000 0.000000
0.751218 5.957926 -0.068938 -0.334705 0.687500 -0.644451 0.887448 0.000000 -0.460908 0.000000 1.000000
2.252780 5.957926 -0.848795 -0.334705 0.687500 -0.644451 0.887448 0.000000 -0.460908 1.000000 1.000000
1.287370 7.186630 0.963385 -0.334705 0.687500 -0.644451 0.887448 0.000000 -0.460908 0.000000 0.000000
2.788931 7.186630 0.183528 -0.334705 0.687500 -0.644451 0.887448 0.000000 -0.460908 1.000000 0.000000
3.459089 6.044552 0.132204 0.717152 0.645833 0.261901 -0.343037 0.000000 0.939322 0.000000 1.000000
2.878671 6.044552 1.721537 0.717152 0.645833 0.261901 -0.343037 0.000000 0.939322 1.000000 1.000000
2.432645 7.336357 -0.242649 0.717152 0.645833 0.261901 -0.343037 0.000000 0.939322 0.000000 0.000000
1.852227 7.336357 1.346683 0.717152 0.645833 0.261901 -0.343037 0.000000 0.939322 1.000000 0.000000
0.893788 6.210464 1.871874 -0.736572 0.604167 0.304048 -0.381558 0.000000 -0.924345 0.000000 1.000000
0.248191 6.210464 0.307883 -0.736572 0.604167 0.304048 -0.381558 0.000000 -0.924345 1.000000 1.000000
1.838699 7.558748 1.481826 -0.736572 0.604167 0.304048 -0.381558 0.000000 -0.924345 0.000000 0.000000
1.193103 7.558748 -0.082165 -0.736572 0.604167 0.304048 -0.381558 0.000000 -0.924345 1.000000 0.000000
1.952617 6.230673 -1.394763 0.350433 0.562500 -0.748859 0.905735 0.000000 0.423844 0.000000 1.000000
3.485121 6.230673 -0.677619 0.350433 0.562500 -0.748859 0.905735 0.000000 0.423844 1.000000 1.000000
1.549224 7.629614 -0.532729 0.350433 0.562500 -0.748859 0.905735 0.000000 0.423844 0.000000 0.000000
3.081728 7.629614 0.184414 0.350433 0.562500 -0.748859 0.905735 0.000000 0.423844 1.000000 0.000000
3.265557 6.043323 1.708034 0.255488 0.520833 0.814530 -0.954163 0.000000 0.299286 0.000000 1.000000
1.651112 6.043323 2.214426 0.255488 0.520833 0.814530 -0.954163 0.000000 0.299286 1.000000 1.000000
3.001811 7.487713 0.867178 0.255488 0.520833 0.814530 -0.954163 0.000000 0.299286 0.000000 0.000000
1.387366 7.487713 1.373570 0.255488 0.520833 0.814530 -0.954163 0.000000 0.299286 1.000000 0.000000
0.547446 5.785007 0.636015 -0.759418 0.479167 -0.440095 0.501405 0.000000 -0.865213 0.000000 1.000000
1.395824 5.785007 -0.827925 -0.759418 0.479167 -0.440095 0.501405 0.000000 -0.865213 1.000000 1.000000
1.248917 7.270115 1.042529 -0.759418 0.479167 -0.440095 0.501405 0.000000 -0.865213 0.000000 0.000000
2.097295 7.270115 -0.421410 -0.759418 0.479167 -0.440095 0.501405 0.000000 -0.865213 1.000000 0.000000
2.781185 5.638825 -0.537948 0.878244 0.437500 -0.193082 0.214722 0.000000 0.976675 0.000000 1.000000
3.144495 5.638825 1.114586 0.878244 0.437500 -0.193082 0.214722 0.000000 0.976675 1.000000 1.000000
2.058201 7.160302 -0.379000 0.878244 0.437500 -0.193082 0.214722 0.000000 0.976675 0.000000 0.000000
2.421512 7.160302 1.273535 0.878244 0.437500 -0.193082 0.214722 0.000000 0.976675 1.000000 0.000000
2.049607 5.660270 1.900418 -0.528152 0.395833 0.751247 -0.818064 0.000000 -0.575127 0.000000 1.000000
0.665443 5.660270 0.927303 -0.528152 0.395833 0.751247 -0.818064 0.000000 -0.575127 1.000000 1.000000
2.434799 7.214071 1.352519 -0.528152 0.395833 0.751247 -0.818064 0.000000 -0.575127 0.000000 0.000000
1.050634 7.214071 0.379405 -0.528152 0.395833 0.751247 -0.818064 0.000000 -0.575127 1.000000 0.000000
0.974060 5.746296 -0.833958 -0.120184 0.354167 -0.927427 0.991708 0.000000 -0.128514 0.000000 1.000000
2.652030 5.746296 -1.051404 -0.120184 0.354167 -0.927427 0.991708 0.000000 -0.128514 1.000000 1.000000
1.051072 7.328624 -0.239677 -0.120184 0.354167 -0.927427 0.991708 0.000000 -0.128514 0.000000 0.000000
2.729042 7.328624 -0.457123 -0.120184 0.354167 -0.927427 0.991708 0.000000 -0.128514 1.000000 0.000000
3.816169 5.756206 0.924271 0.726356 0.312500 0.612169 -0.644444 0.000000 0.764651 0.000000 1.000000
2.725770 5.756206 2.218061 0.726356 0.312500 0.612169 -0.644444 0.000000 0.764651 1.000000 1.000000
3.411860 7.363466 0.583521 0.726356 0.312500 0.612169 -0.644444 0.000000 0.764651 0.000000 0.000000
2.321460 7.363466 1.877311 0.726356 0.312500 0.612169 -0.644444 0.000000 0.764651 1.000000 0.000000
0.520374 5.647644 1.407916 -0.961804 0.270833 0.039777 -0.041322 0.000000 -0.999146 0.000000 1.000000
0.450458 5.647644 -0.282639 -0.961804 0.270833 0.039777 -0.041322 0.000000 -0.999146 1.000000 1.000000
0.978233 7.276408 1.388980 -0.961804 0.270833 0.039777 -0.041322 0.000000 -0.999146 0.000000 0.000000
0.908317 7.276408 -0.301574 -0.961804 0.270833 0.039777 -0.041322 0.000000 -0.999146 1.000000 0.000000
2.202085 5.496199 -0.894626 0.689963 0.229167 -0.686611 0.705383 0.000000 0.708826 0.000000 1.000000
3.395593 5.496199 0.304709 0.689963 0.229167 -0.686611 0.705383 0.000000 0.708826 1.000000 1.000000
1.927238 7.143171 -0.621113 0.689963 0.229167 -0.686611 0.705383 0.000000 0.708826 0.000000 0.000000
3.120746 7.143171 0.578221 0.689963 0.229167 -0.686611 0.705383 0.000000 0.708826 1.000000 0.000000
2.806214 5.399426 1.380048 -0.045368 0.187500 0.981216 -0.998933 0.000000 -0.046187 0.000000 1.000000
1.116019 5.399426 1.301899 -0.045368 0.187500 0.981216 -0.998933 0.000000 -0.046187 1.000000 1.000000
2.820866 7.061418 1.063136 -0.045368 0.187500 0.981216 -0.998933 0.000000 -0.046187 0.000000 0.000000
1.130672 7.061418 0.984988 -0.045368 0.187500 0.981216 -0.998933 0.000000 -0.046187 1.000000 0.000000
0.766279 5.379260 0.342008 -0.633863 0.145833 -0.759573 0.767781 0.000000 -0.640713 0.000000 1.000000
2.065364 5.379260 -0.742078 -0.633863 0.145833 -0.759573 0.767781 0.000000 -0.640713 1.000000 1.000000
0.924374 7.053171 0.531458 -0.633863 0.145833 -0.759573 0.767781 0.000000 -0.640713 0.000000 0.000000
2.223459 7.053171 -0.552628 -0.633863 0.145833 -0.759573 0.767781 0.000000 -0.640713 1.000000 0.000000
3.350000 5.380119 -0.171989 0.985678 0.104167 0.132617 -0.133342 0.000000 0.991070 0.000000 1.000000
3.124385 5.380119 1.504902 0.985678 0.104167 0.132617 -0.133342 0.000000 0.991070 1.000000 1.000000
3.175323 7.062914 -0.195490 0.985678 0.104167 0.132617 -0.133342 0.000000 0.991070 0.000000 0.000000
2.949708 7.062914 1.481400 0.985678 0.104167 0.132617 -0.133342 0.000000 0.991070 1.000000 0.000000
1.248451 5.346539 2.053546 -0.819251 0.062500 0.570019 -0.571136 0.000000 -0.820855 0.000000 1.000000
0.282089 5.346539 0.664658 -0.819251 0.062500 0.570019 -0.571136 0.000000 -0.820855 1.000000 1.000000
1.335257 7.035231 1.993148 -0.819251 0.062500 0.570019 -0.571136 0.000000 -0.820855 0.000000 0.000000
0.368895 7.035231 0.604261 -0.819251 0.062500 0.570019 -0.571136 0.000000 -0.820855 1.000000 0.000000
1.482869 5.283082 -1.055878 0.219429 0.020833 -0.975406 0.975618 0.000000 0.219476 0.000000 1.000000
3.133615 5.283082 -0.684524 0.219429 0.020833 -0.975406 0.975618 0.000000 0.219476 1.000000 1.000000
1.475133 6.974715 -1.021487 0.219429 0.020833 -0.975406 0.975618 0.000000 0.219476 0.000000 0.000000
3.125878 6.974715 -0.650133 0.219429 0.020833 -0.975406 0.975618 0.000000 0.219476 1.000000 0.000000
3.236743 5.232747 0.956676 0.497078 -0.020833 0.867456 -0.867644 0.000000 0.497186 0.000000 1.000000
1.768689 5.232747 1.797914 0.497078 -0.020833 0.867456 -0.867644 0.000000 0.497186 1.000000 1.000000
3.254269 6.924379 0.987261 0.497078 -0.020833 0.867456 -0.867644 0.000000 0.497186 0.000000 0.000000
1.786215 6.924379 1.828499 0.497078 -0.020833 0.867456 -0.867644 0.000000 0.497186 1.000000 0.000000
1.109421 5.210705 1.103894 -0.950832 -0.062500 -0.303335 0.303930 0.000000 -0.952695 0.000000 1.000000
1.623669 5.210705 -0.508065 -0.950832 -0.062500 -0.303335 0.303930 0.000000 -0.952695 1.000000 1.000000
1.008673 6.899397 1.071754 -0.950832 -0.062500 -0.303335 0.303930 0.000000 -0.952695 0.000000 0.000000
1.522922 6.899397 -0.540206 -0.950832 -0.062500 -0.303335 0.303930 0.000000 -0.952695 1.000000 0.000000
2.243567 5.180332 -0.544471 0.902850 -0.104167 -0.417146 0.419428 0.000000 0.907789 0.000000 1.000000
2.953239 5.180332 0.991508 0.902850 -0.104167 -0.417146 0.419428 0.000000 0.907789 1.000000 1.000000
2.403565 6.863127 -0.618395 0.902850 -0.104167 -0.417146 0.419428 0.000000 0.907789 0.000000 0.000000
3.113237 6.863127 0.917583 0.902850 -0.104167 -0.417146 0.419428 0.000000 0.907789 1.000000 0.000000
2.409805 5.103346 1.712170 -0.381928 -0.145833 0.912614 -0.922476 0.000000 -0.386055 0.000000 1.000000
0.848976 5.103346 1.058964 -0.381928 -0.145833 0.912614 -0.922476 0.000000 -0.386055 1.000000 1.000000
2.314546 6.777258 1.939791 -0.381928 -0.145833 0.912614 -0.922476 0.000000 -0.386055 0.000000 0.000000
0.753717 6.777258 1.286585 -0.381928 -0.145833 0.912614 -0.922476 0.000000 -0.386055 1.000000 0.000000
0.784049 5.001918 -0.381017 -0.332456 -0.187500 -0.924293 0.940981 0.000000 -0.338458 0.000000 1.000000
2.376189 5.001918 -0.953689 -0.332456 -0.187500 -0.924293 0.940981 0.000000 -0.338458 1.000000 1.000000
0.676673 6.663910 -0.679544 -0.332456 -0.187500 -0.924293 0.940981 0.000000 -0.338458 0.000000 0.000000
2.268813 6.663910 -1.252215 -0.332456 -0.187500 -0.924293 0.940981 0.000000 -0.338458 1.000000 0.000000
3.451819 4.949413 0.307299 0.861635 -0.229167 0.452844 -0.465225 0.000000 0.885193 0.000000 1.000000
2.664659 4.949413 1.805045 0.861635 -0.229167 0.452844 -0.465225 0.000000 0.885193 1.000000 1.000000
3.795053 6.596384 0.487690 0.861635 -0.229167 0.452844 -0.465225 0.000000 0.885193 0.000000 0.000000
3.007892 6.596384 1.985436 0.861635 -0.229167 0.452844 -0.465225 0.000000 0.885193 1.000000 0.000000
1.412348 4.987428 1.529807 -0.930829 -0.270833 0.245370 -0.254897 0.000000 -0.966968 0.000000 1.000000
0.981063 4.987428 -0.106303 -0.930829 -0.270833 0.245370 -0.254897 0.000000 -0.966968 1.000000 1.000000
0.969235 6.616192 1.646613 -0.930829 -0.270833 0.245370 -0.254897 0.000000 -0.966968 0.000000 0.000000
0.537949 6.616192 0.010503 -0.930829 -0.270833 0.245370 -0.254897 0.000000 -0.966968 1.000000 0.000000
1.533172 5.060509 -0.338222 0.513746 -0.312500 -0.799005 0.841131 0.000000 0.540832 0.000000 1.000000
2.956366 5.060509 0.576865 0.513746 -0.312500 -0.799005 0.841131 0.000000 0.540832 1.000000 1.000000
1.819137 6.667770 -0.782970 0.513746 -0.312500 -0.799005 0.841131 0.000000 0.540832 0.000000 0.000000
3.242331 6.667770 0.132118 0.513746 -0.312500 -0.799005 0.841131 0.000000 0.540832 1.000000 0.000000
2.896565 5.054976 0.722041 0.158404 -0.354167 0.921669 -0.985550 0.000000 0.169383 0.000000 1.000000
1.229014 5.054976 1.008638 0.158404 -0.354167 0.921669 -0.985550 0.000000 0.169383 1.000000 1.000000
2.998068 6.637304 1.312632 0.158404 -0.354167 0.921669 -0.985550 0.000000 0.169383 0.000000 0.000000
1.330517 6.637304 1.599229 0.158404 -0.354167 0.921669 -0.985550 0.000000 0.169383 1.000000 0.000000
1.003947 4.918129 0.798648 -0.726051 -0.395833 -0.562286 0.612297 0.000000 -0.790628 0.000000 1.000000
2.039953 4.918129 -0.539094 -0.726051 -0.395833 -0.562286 0.612297 0.000000 -0.790628 1.000000 1.000000
0.474424 6.471930 0.388562 -0.726051 -0.395833 -0.562286 0.612297 0.000000 -0.790628 0.000000 0.000000
1.510430 6.471930 -0.949180 -0.726051 -0.395833 -0.562286 0.612297 0.000000 -0.790628 1.000000 0.000000
2.800954 4.734053 -0.415263 0.896148 -0.437500 -0.074251 0.082573 0.000000 0.996585 0.000000 1.000000
2.940667 4.734053 1.270959 0.896148 -0.437500 -0.074251 0.082573 0.000000 0.996585 1.000000 1.000000
3.538676 6.255530 -0.476387 0.896148 -0.437500 -0.074251 0.082573 0.000000 0.996585 0.000000 0.000000
3.678389 6.255530 1.209835 0.896148 -0.437500 -0.074251 0.082573 0.000000 0.996585 1.000000 0.000000
2.028428 4.659745 1.715085 -0.596039 -0.479167 0.644311 -0.734070 0.000000 -0.679073 0.000000 1.000000
0.786381 4.659745 0.566092 -0.596039 -0.479167 0.644311 -0.734070 0.000000 -0.679073 1.000000 1.000000
1.477869 6.144854 2.310232 -0.596039 -0.479167 0.644311 -0.734070 0.000000 -0.679073 0.000000 0.000000
0.235822 6.144854 1.161240 -0.596039 -0.479167 0.644311 -0.734070 0.000000 -0.679073 1.000000 0.000000
1.156738 4.767206 -0.064275 0.004157 -0.520833 -0.853648 0.999988 0.000000 0.004870 0.000000 1.000000
2.848718 4.767206 -0.056035 0.004157 -0.520833 -0.853648 0.999988 0.000000 0.004870 1.000000 1.000000
1.161030 6.211596 -0.945515 0.004157 -0.520833 -0.853648 0.999988 0.000000 0.004870 0.000000 0.000000
2.853010 6.211596 -0.937275 0.004157 -0.520833 -0.853648 0.999988 0.000000 0.004870 1.000000 0.000000
2.751877 4.949913 0.069688 0.555518 -0.562500 0.612367 -0.740650 0.000000 0.671891 0.000000 1.000000
1.498698 4.949913 1.206529 0.555518 -0.562500 0.612367 -0.740650 0.000000 0.671891 1.000000 1.000000
3.391349 6.348854 0.774602 0.555518 -0.562500 0.612367 -0.740650 0.000000 0.671891 0.000000 0.000000
2.138170 6.348854 1.911442 0.555518 -0.562500 0.612367 -0.740650 0.000000 0.671891 1.000000 0.000000
1.880061 5.006446 1.338510 -0.793458 -0.604167 -0.073531 0.092276 0.000000 -0.995734 0.000000 1.000000
2.036191 5.006446 -0.346271 -0.793458 -0.604167 -0.073531 0.092276 0.000000 -0.995734 1.000000 1.000000
0.862172 6.354729 1.244181 -0.793458 -0.604167 -0.073531 0.092276 0.000000 -0.995734 0.000000 0.000000
1.018302 6.354729 -0.440600 -0.793458 -0.604167 -0.073531 0.092276 0.000000 -0.995734 1.000000 0.000000
1.632876 4.838630 -0.283436 0.608152 -0.645833 -0.461574 0.604567 0.000000 0.796554 0.000000 1.000000
2.655804 4.838630 1.064333 0.608152 -0.645833 -0.461574 0.604567 0.000000 0.796554 1.000000 1.000000
2.503311 6.130435 -0.944077 0.608152 -0.645833 -0.461574 0.604567 0.000000 0.796554 0.000000 0.000000
3.526239 6.130435 0.403692 0.608152 -0.645833 -0.461574 0.604567 0.000000 0.796554 1.000000 0.000000
2.763298 4.569790 1.030951 -0.129969 -0.687500 0.714459 -0.983854 0.000000 -0.178975 0.000000 1.000000
1.098617 4.569790 0.728126 -0.129969 -0.687500 0.714459 -0.983854 0.000000 -0.178975 1.000000 1.000000
2.555106 5.798494 2.175419 -0.129969 -0.687500 0.714459 -0.983854 0.000000 -0.178975 0.000000 0.000000
0.890425 5.798494 1.872594 -0.129969 -0.687500 0.714459 -0.983854 0.000000 -0.178975 1.000000 0.000000
1.075893 4.447480 0.619926 -0.364487 -0.729167 -0.579194 0.846359 0.000000 -0.532614 0.000000 1.000000
2.507932 4.447480 -0.281256 -0.364487 -0.729167 -0.579194 0.846359 0.000000 -0.532614 1.000000 1.000000
0.418781 5.605377 -0.424269 -0.364487 -0.729167 -0.579194 0.846359 0.000000 -0.532614 0.000000 0.000000
1.850820 5.605377 -1.325451 -0.364487 -0.729167 -0.579194 0.846359 0.000000 -0.532614 1.000000 0.000000
2.356889 4.604747 -0.279389 0.614384 -0.770833 0.168371 -0.264303 0.000000 0.964440 0.000000 1.000000
1.909688 4.604747 1.352443 0.614384 -0.770833 0.168371 -0.264303 0.000000 0.964440 1.000000 1.000000
3.614759 5.682613 0.065329 0.614384 -0.770833 0.168371 -0.264303 0.000000 0.964440 0.000000 0.000000
3.167558 5.682613 1.697161 0.614384 -0.770833 0.168371 -0.264303 0.000000 0.964440 1.000000 0.000000
2.553495 4.910761 1.166851 -0.518650 -0.812500 0.266169 -0.456581 0.000000 -0.889682 0.000000 1.000000
1.780959 4.910761 -0.338491 -0.518650 -0.812500 0.266169 -0.456581 0.000000 -0.889682 1.000000 1.000000
1.330404 5.897131 1.794536 -0.518650 -0.812500 0.266169 -0.456581 0.000000 -0.889682 0.000000 0.000000
0.557869 5.897131 0.289194 -0.518650 -0.812500 0.266169 -0.456581 0.000000 -0.889682 1.000000 0.000000
1.079276 5.075486 0.549790 0.180756 -0.854167 -0.487572 0.937640 0.000000 0.347607 0.000000 1.000000
2.665764 5.075486 1.137942 0.180756 -0.854167 -0.487572 0.937640 0.000000 0.347607 1.000000 1.000000
1.581656 5.955325 -0.805334 0.180756 -0.854167 -0.487572 0.937640 0.000000 0.347607 0.000000 0.000000
3.168143 5.955325 -0.217183 0.180756 -0.854167 -0.487572 0.937640 0.000000 0.347607 1.000000 0.000000
2.646439 4.929362 -0.155806 0.167558 -0.895833 0.411591 -0.926192 0.000000 0.377052 0.000000 1.000000
1.079322 4.929362 0.482166 0.167558 -0.895833 0.411591 -0.926192 0.000000 0.377052 1.000000 1.000000
3.217956 5.681270 1.248069 0.167558 -0.895833 0.411591 -0.926192 0.000000 0.377052 0.000000 0.000000
1.650839 5.681270 1.886042 0.167558 -0.895833 0.411591 -0.926192 0.000000 0.377052 1.000000 0.000000
1.954226 4.612519 1.414500 -0.314461 -0.937500 -0.149025 0.428250 0.000000 -0.903660 0.000000 1.000000
2.678825 4.612519 -0.114493 -0.314461 -0.937500 -0.149025 0.428250 0.000000 -0.903660 1.000000 1.000000
0.520795 5.201310 0.735189 -0.314461 -0.937500 -0.149025 0.428250 0.000000 -0.903660 0.000000 0.000000
1.245394 5.201310 -0.793805 -0.314461 -0.937500 -0.149025 0.428250 0.000000 -0.903660 1.000000 0.000000
1.245463 4.483373 -0.152658 0.194044 -0.979167 -0.059828 0.294636 0.000000 0.955610 0.000000 1.000000
1.743987 4.483373 1.464233 0.194044 -0.979167 -0.059828 0.294636 0.000000 0.955610 1.000000 1.000000
2.828669 4.826947 -0.640796 0.194044 -0.979167 -0.059828 0.294636 0.000000 0.955610 0.000000 0.000000
3.327193 4.826947 0.976095 0.194044 -0.979167 -0.059828 0.294636 0.000000 0.955610 1.000000 0.000000
1.332355 6.943283 -2.699000 0.203058 0.979167 0.000000 -0.000000 0.000000 1.000000 0.000000 1.000000
1.332355 6.943283 -1.101000 0.203058 0.979167 0.000000 -0.000000 0.000000 1.000000 1.000000 1.000000
-0.232354 7.267770 -2.699000 0.203058 0.979167 0.000000 -0.000000 0.000000 1.000000 0.000000 0.000000
-0.232354 7.267770 -1.101000 0.203058 0.979167 0.000000 -0.000000 0.000000 1.000000 1.000000 0.000000
-0.070208 6.928464 -0.477276 -0.256593 0.937500 0.235061 -0.675490 0.000000 -0.737369 0.000000 1.000000
-1.149642 6.928464 -1.655591 -0.256593 0.937500 0.235061 -0.675490 0.000000 -0.737369 1.000000 1.000000
1.034462 7.484544 -1.489245 -0.256593 0.937500 0.235061 -0.675490 0.000000 -0.737369 0.000000 0.000000
-0.044971 7.484544 -2.667561 -0.256593 0.937500 0.235061 -0.675490 0.000000 -0.737369 1.000000 0.000000
-0.386669 6.621646 -3.214956 0.038851 0.895833 -0.442689 0.996171 0.000000 0.087425 0.000000 1.000000
1.205213 6.621646 -3.075251 0.038851 0.895833 -0.442689 0.996171 0.000000 0.087425 1.000000 1.000000
-0.511822 7.331782 -1.788896 0.038851 0.895833 -0.442689 0.996171 0.000000 0.087425 0.000000 0.000000
1.080060 7.331782 -1.649190 0.038851 0.895833 -0.442689 0.996171 0.000000 0.087425 1.000000 0.000000
1.614403 6.200139 -1.498792 0.316388 0.854167 0.412672 -0.793600 0.000000 0.608439 0.000000 1.000000
0.346229 6.200139 -0.526506 0.316388 0.854167 0.412672 -0.793600 0.000000 0.608439 1.000000 1.000000
0.783908 7.031098 -2.582024 0.316388 0.854167 0.412672 -0.793600 0.000000 0.608439 0.000000 0.000000
-0.484265 7.031098 -1.609738 0.316388 0.854167 0.412672 -0.793600 0.000000 0.608439 1.000000 0.000000
-0.849489 5.959398 -1.291924 -0.574050 0.812500 -0.101541 0.174181 0.000000 -0.984714 0.000000 1.000000
-0.571148 5.959398 -2.865496 -0.574050 0.812500 -0.101541 0.174181 0.000000 -0.984714 1.000000 1.000000
0.429038 6.890970 -1.065772 -0.574050 0.812500 -0.101541 0.174181 0.000000 -0.984714 0.000000 0.000000
0.707380 6.890970 -2.639344 -0.574050 0.812500 -0.101541 0.174181 0.000000 -0.984714 1.000000 0.000000
0.825711 6.014687 -3.181373 0.537503 0.770833 -0.341916 0.536729 0.000000 0.843755 0.000000 1.000000
1.683404 6.014687 -1.833053 0.537503 0.770833 -0.341916 0.536729 0.000000 0.843755 1.000000 1.000000
-0.213619 7.032672 -2.520234 0.537503 0.770833 -0.341916 0.536729 0.000000 0.843755 0.000000 0.000000
0.644074 7.032672 -1.171915 0.537503 0.770833 -0.341916 0.536729 0.000000 0.843755 1.000000 0.000000
0.712199 6.207593 -0.355590 -0.177656 0.729167 0.660874 -0.965715 0.000000 -0.259603 0.000000 1.000000
-0.831015 6.207593 -0.770435 -0.177656 0.729167 0.660874 -0.965715 0.000000 -0.259603 1.000000 1.000000
1.014690 7.301162 -1.480849 -0.177656 0.729167 0.660874 -0.965715 0.000000 -0.259603 0.000000 0.000000
-0.528523 7.301162 -1.895695 -0.177656 0.729167 0.660874 -0.965715 0.000000 -0.259603 1.000000 0.000000
-1.127671 6.275770 -2.915350 -0.334705 0.687500 -0.644451 0.887448 0.000000 -0.460908 0.000000 1.000000
0.290470 6.275770 -3.651881 -0.334705 0.687500 -0.644451 0.887448 0.000000 -0.460908 1.000000 1.000000
-0.621305 7.436212 -1.940378 -0.334705 0.687500 -0.644451 0.887448 0.000000 -0.460908 0.000000 0.000000
0.796836 7.436212 -2.676909 -0.334705 0.687500 -0.644451 0.887448 0.000000 -0.460908 1.000000 0.000000
1.961074 6.102529 -2.143996 0.717152 0.645833 0.261901 -0.343037 0.000000 0.939322 0.000000 1.000000
1.412901 6.102529 -0.642959 0.717152 0.645833 0.261901 -0.343037 0.000000 0.939322 1.000000 1.000000
0.991654 7.322568 -2.498024 0.717152 0.645833 0.261901 -0.343037 0.000000 0.939322 0.000000 0.000000
0.443481 7.322568 -0.996987 0.717152 0.645833 0.261901 -0.343037 0.000000 0.939322 1.000000 0.000000
-0.504278 5.807077 -0.703608 -0.736572 0.604167 0.304048 -0.381558 0.000000 -0.924345 0.000000 1.000000
-1.114008 5.807077 -2.180711 -0.736572 0.604167 0.304048 -0.381558 0.000000 -0.924345 1.000000 1.000000
0.388138 7.080456 -1.071986 -0.736572 0.604167 0.304048 -0.381558 0.000000 -0.924345 0.000000 0.000000
-0.221592 7.080456 -2.549089 -0.736572 0.604167 0.304048 -0.381558 0.000000 -0.924345 1.000000 0.000000
-0.003437 5.608181 -3.136698 0.350433 0.562500 -0.748859 0.905735 0.000000 0.423844 0.000000 1.000000
1.443928 5.608181 -2.459395 0.350433 0.562500 -0.748859 0.905735 0.000000 0.423844 1.000000 1.000000
-0.384419 6.929403 -2.322555 0.350433 0.562500 -0.748859 0.905735 0.000000 0.423844 0.000000 0.000000
1.062946 6.929403 -1.645253 0.350433 0.562500 -0.748859 0.905735 0.000000 0.423844 1.000000 0.000000
1.380225 5.611989 -1.125786 0.255488 0.520833 0.814530 -0.954163 0.000000 0.299286 0.000000 1.000000
-0.144528 5.611989 -0.647527 0.255488 0.520833 0.814530 -0.954163 0.000000 0.299286 1.000000 1.000000
1.131132 6.976135 -1.919928 0.255488 0.520833 0.814530 -0.954163 0.000000 0.299286 0.000000 0.000000
-0.393621 6.976135 -1.441669 0.255488 0.520833 0.814530 -0.954163 0.000000 0.299286 1.000000 0.000000
-1.272724 5.729247 -1.887947 -0.759418 0.479167 -0.440095 0.501405 0.000000 -0.865213 0.000000 1.000000
-0.471478 5.729247 -3.270557 -0.759418 0.479167 -0.440095 0.501405 0.000000 -0.865213 1.000000 1.000000
-0.610223 7.131850 -1.504017 -0.759418 0.479167 -0.440095 0.501405 0.000000 -0.865213 0.000000 0.000000
0.191022 7.131850 -2.886627 -0.759418 0.479167 -0.440095 0.501405 0.000000 -0.865213 1.000000 0.000000
1.677591 5.783166 -3.020945 0.878244 0.437500 -0.193082 0.214722 0.000000 0.976675 0.000000 1.000000
2.020717 5.783166 -1.460219 0.878244 0.437500 -0.193082 0.214722 0.000000 0.976675 1.000000 1.000000
0.994773 7.220117 -2.870828 0.878244 0.437500 -0.193082 0.214722 0.000000 0.976675 0.000000 0.000000
1.337899 7.220117 -1.310101 0.878244 0.437500 -0.193082 0.214722 0.000000 0.976675 1.000000 0.000000
0.081720 5.683407 -0.200259 -0.528152 0.395833 0.751247 -0.818064 0.000000 -0.575127 0.000000 1.000000
-1.225546 5.683407 -1.119311 -0.528152 0.395833 0.751247 -0.818064 0.000000 -0.575127 1.000000 1.000000
0.445512 7.150886 -0.717719 -0.528152 0.395833 0.751247 -0.818064 0.000000 -0.575127 0.000000 0.000000
-0.861755 7.150886 -1.636771 -0.528152 0.395833 0.751247 -0.818064 0.000000 -0.575127 1.000000 0.000000
-0.644867 5.494997 -2.974063 -0.120184 0.354167 -0.927427 0.991708 0.000000 -0.128514 0.000000 1.000000
0.939882 5.494997 -3.179428 -0.120184 0.354167 -0.927427 0.991708 0.000000 -0.128514 1.000000 1.000000
-0.572134 6.989419 -2.412797 -0.120184 0.354167 -0.927427 0.991708 0.000000 -0.128514 0.000000 0.000000
1.012615 6.989419 -2.618163 -0.120184 0.354167 -0.927427 0.991708 0.000000 -0.128514 1.000000 0.000000
1.497546 5.352564 -1.935635 0.726356 0.312500 0.612169 -0.644444 0.000000 0.764651 0.000000 1.000000
0.467724 5.352564 -0.713723 0.726356 0.312500 0.612169 -0.644444 0.000000 0.764651 1.000000 1.000000
1.115698 6.870533 -2.257455 0.726356 0.312500 0.612169 -0.644444 0.000000 0.764651 0.000000 0.000000
0.085876 6.870533 -1.035542 0.726356 0.312500 0.612169 -0.644444 0.000000 0.764651 1.000000 0.000000
-0.568797 5.323920 -1.064386 -0.961804 0.270833 0.039777 -0.041322 0.000000 -0.999146 0.000000 1.000000
-0.634829 5.323920 -2.661021 -0.961804 0.270833 0.039777 -0.041322 0.000000 -0.999146 1.000000 1.000000
-0.136375 6.862196 -1.082270 -0.961804 0.270833 0.039777 -0.041322 0.000000 -0.999146 0.000000 0.000000
-0.202407 6.862196 -2.678905 -0.961804 0.270833 0.039777 -0.041322 0.000000 -0.999146 1.000000 0.000000
0.583648 5.360563 -3.309485 0.689963 0.229167 -0.686611 0.705383 0.000000 0.708826 0.000000 1.000000
1.710850 5.360563 -2.176781 0.689963 0.229167 -0.686611 0.705383 0.000000 0.708826 1.000000 1.000000
0.324070 6.916036 -3.051168 0.689963 0.229167 -0.686611 0.705383 0.000000 0.708826 0.000000 0.000000
1.451272 6.916036 -1.918463 0.689963 0.229167 -0.686611 0.705383 0.000000 0.708826 1.000000 0.000000
1.030069 5.367932 -0.390706 -0.045368 0.187500 0.981216 -0.998933 0.000000 -0.046187 0.000000 1.000000
-0.566225 5.367932 -0.464513 -0.045368 0.187500 0.981216 -0.998933 0.000000 -0.046187 1.000000 1.000000
1.043908 6.937591 -0.690011 -0.045368 0.187500 0.981216 -0.998933 0.000000 -0.046187 0.000000 0.000000
-0.552387 6.937591 -0.763818 -0.045368 0.187500 0.981216 -0.998933 0.000000 -0.046187 1.000000 0.000000
-1.240859 5.305734 -2.499398 -0.633863 0.145833 -0.759573 0.767781 0.000000 -0.640713 0.000000 1.000000
-0.013945 5.305734 -3.523257 -0.633863 0.145833 -0.759573 0.767781 0.000000 -0.640713 1.000000 1.000000
-1.091546 6.886650 -2.320473 -0.633863 0.145833 -0.759573 0.767781 0.000000 -0.640713 0.000000 0.000000
0.135367 6.886650 -3.344332 -0.633863 0.145833 -0.759573 0.767781 0.000000 -0.640713 1.000000 0.000000
1.508438 5.213078 -2.543612 0.985678 0.104167 0.132617 -0.133342 0.000000 0.991070 0.000000 1.000000
1.295357 5.213078 -0.959882 0.985678 0.104167 0.132617 -0.133342 0.000000 0.991070 1.000000 1.000000
1.343466 6.802385 -2.565808 0.985678 0.104167 0.132617 -0.133342 0.000000 0.991070 0.000000 0.000000
1.130386 6.802385 -0.982078 0.985678 0.104167 0.132617 -0.133342 0.000000 0.991070 1.000000 0.000000
0.133965 5.146915 -0.811101 -0.819251 0.062500 0.570019 -0.571136 0.000000 -0.820855 0.000000 1.000000
-0.778710 5.146915 -2.122828 -0.819251 0.062500 0.570019 -0.571136 0.000000 -0.820855 1.000000 1.000000
0.215948 6.741791 -0.868144 -0.819251 0.062500 0.570019 -0.571136 0.000000 -0.820855 0.000000 0.000000
-0.696727 6.741791 -2.179871 -0.819251 0.062500 0.570019 -0.571136 0.000000 -0.820855 1.000000 0.000000
-0.326821 5.115324 -2.754136 0.219429 0.020833 -0.975406 0.975618 0.000000 0.219476 0.000000 1.000000
1.232217 5.115324 -2.403413 0.219429 0.020833 -0.975406 0.975618 0.000000 0.219476 1.000000 1.000000
-0.334127 6.712977 -2.721656 0.219429 0.020833 -0.975406 0.975618 0.000000 0.219476 0.000000 0.000000
1.224910 6.712977 -2.370933 0.219429 0.020833 -0.975406 0.975618 0.000000 0.219476 1.000000 0.000000
1.468041 5.080927 -1.468685 0.497078 -0.020833 0.867456 -0.867644 0.000000 0.497186 0.000000 1.000000
0.081545 5.080927 -0.674182 0.497078 -0.020833 0.867456 -0.867644 0.000000 0.497186 1.000000 1.000000
1.484593 6.678580 -1.439800 0.497078 -0.020833 0.867456 -0.867644 0.000000 0.497186 0.000000 0.000000
0.098097 6.678580 -0.645297 0.497078 -0.020833 0.867456 -0.867644 0.000000 0.497186 1.000000 0.000000
-1.140916 5.020683 -1.521009 -0.950832 -0.062500 -0.303335 0.303930 0.000000 -0.952695 0.000000 1.000000
-0.655237 5.020683 -3.043414 -0.950832 -0.062500 -0.303335 0.303930 0.000000 -0.952695 1.000000 1.000000
-1.236067 6.615559 -1.551364 -0.950832 -0.062500 -0.303335 0.303930 0.000000 -0.952695 0.000000 0.000000
-0.750387 6.615559 -3.073769 -0.950832 -0.062500 -0.303335 0.303930 0.000000 -0.952695 1.000000 0.000000
1.129275 4.962287 -3.163313 0.902850 -0.104167 -0.417146 0.419428 0.000000 0.907789 0.000000 1.000000
1.799521 4.962287 -1.712667 0.902850 -0.104167 -0.417146 0.419428 0.000000 0.907789 1.000000 1.000000
1.280384 6.551593 -3.233130 0.902850 -0.104167 -0.417146 0.419428 0.000000 0.907789 0.000000 0.000000
1.950630 6.551593 -1.782484 0.902850 -0.104167 -0.417146 0.419428 0.000000 0.907789 1.000000 0.000000
0.661256 4.948871 -0.693566 -0.381928 -0.145833 0.912614 -0.922476 0.000000 -0.386055 0.000000 1.000000
-0.812860 4.948871 -1.310482 -0.381928 -0.145833 0.912614 -0.922476 0.000000 -0.386055 1.000000 1.000000
0.571289 6.529787 -0.478590 -0.381928 -0.145833 0.912614 -0.922476 0.000000 -0.386055 0.000000 0.000000
-0.902827 6.529787 -1.095507 -0.381928 -0.145833 0.912614 -0.922476 0.000000 -0.386055 1.000000 0.000000
-0.651354 4.974053 -2.184250 -0.332456 -0.187500 -0.924293 0.940981 0.000000 -0.338458 0.000000 1.000000
0.852334 4.974053 -2.725106 -0.332456 -0.187500 -0.924293 0.940981 0.000000 -0.338458 1.000000 1.000000
-0.752765 6.543712 -2.466191 -0.332456 -0.187500 -0.924293 0.940981 0.000000 -0.338458 0.000000 0.000000
0.750923 6.543712 -3.007048 -0.332456 -0.187500 -0.924293 0.940981 0.000000 -0.338458 1.000000 0.000000
1.075677 4.971714 -2.394961 0.861635 -0.229167 0.452844 -0.465225 0.000000 0.885193 0.000000 1.000000
0.332248 4.971714 -0.980423 0.861635 -0.229167 0.452844 -0.465225 0.000000 0.885193 1.000000 1.000000
1.399842 6.527187 -2.224592 0.861635 -0.229167 0.452844 -0.465225 0.000000 0.885193 0.000000 0.000000
0.656413 6.527187 -0.810054 0.861635 -0.229167 0.452844 -0.465225 0.000000 0.885193 1.000000 0.000000
-0.129843 4.885655 -0.960398 -0.930829 -0.270833 0.245370 -0.254897 0.000000 -0.966968 0.000000 1.000000
-0.537168 4.885655 -2.505613 -0.930829 -0.270833 0.245370 -0.254897 0.000000 -0.966968 1.000000 1.000000
-0.548338 6.423932 -0.850081 -0.930829 -0.270833 0.245370 -0.254897 0.000000 -0.966968 0.000000 0.000000
-0.955664 6.423932 -2.395296 -0.930829 -0.270833 0.245370 -0.254897 0.000000 -0.966968 1.000000 0.000000
0.141480 4.746497 -3.130815 0.513746 -0.312500 -0.799005 0.841131 0.000000 0.540832 0.000000 1.000000
1.485607 4.746497 -2.266566 0.513746 -0.312500 -0.799005 0.841131 0.000000 0.540832 1.000000 1.000000
0.411558 6.264466 -3.550855 0.513746 -0.312500 -0.799005 0.841131 0.000000 0.540832 0.000000 0.000000
1.755685 6.264466 -2.686606 0.513746 -0.312500 -0.799005 0.841131 0.000000 0.540832 1.000000 0.000000
1.259661 4.660595 -1.033361 0.158404 -0.354167 0.921669 -0.985550 0.000000 0.169383 0.000000 1.000000
-0.315248 4.660595 -0.762686 0.158404 -0.354167 0.921669 -0.985550 0.000000 0.169383 1.000000 1.000000
1.355525 6.155016 -0.475581 0.158404 -0.354167 0.921669 -0.985550 0.000000 0.169383 0.000000 0.000000
-0.219384 6.155016 -0.204906 0.158404 -0.354167 0.921669 -0.985550 0.000000 0.169383 1.000000 0.000000
-0.786147 4.704501 -1.730571 -0.726051 -0.395833 -0.562286 0.612297 0.000000 -0.790628 0.000000 1.000000
0.192303 4.704501 -2.993994 -0.726051 -0.395833 -0.562286 0.612297 0.000000 -0.790628 1.000000 1.000000
-1.286252 6.171980 -2.117875 -0.726051 -0.395833 -0.562286 0.612297 0.000000 -0.790628 0.000000 0.000000
-0.307802 6.171980 -3.381298 -0.726051 -0.395833 -0.562286 0.612297 0.000000 -0.790628 1.000000 0.000000
0.606578 4.829570 -2.727140 0.896148 -0.437500 -0.074251 0.082573 0.000000 0.996585 0.000000 1.000000
0.738529 4.829570 -1.134597 0.896148 -0.437500 -0.074251 0.082573 0.000000 0.996585 1.000000 1.000000
1.303315 6.266521 -2.784868 0.896148 -0.437500 -0.074251 0.082573 0.000000 0.996585 0.000000 0.000000
1.435267 6.266521 -1.192326 0.896148 -0.437500 -0.074251 0.082573 0.000000 0.996585 1.000000 0.000000
0.761063 4.888832 -1.221801 -0.596039 -0.479167 0.644311 -0.734070 0.000000 -0.679073 0.000000 1.000000
-0.411981 4.888832 -2.306960 -0.596039 -0.479167 0.644311 -0.734070 0.000000 -0.679073 1.000000 1.000000
0.241091 6.291435 -0.659717 -0.596039 -0.479167 0.644311 -0.734070 0.000000 -0.679073 0.000000 0.000000
-0.931953 6.291435 -1.744876 -0.596039 -0.479167 0.644311 -0.734070 0.000000 -0.679073 1.000000 0.000000
-0.497514 4.779000 -2.207153 0.004157 -0.520833 -0.853648 0.999988 0.000000 0.004870 0.000000 1.000000
1.100467 4.779000 -2.199371 0.004157 -0.520833 -0.853648 0.999988 0.000000 0.004870 1.000000 1.000000
-0.493460 6.143147 -3.039435 0.004157 -0.520833 -0.853648 0.999988 0.000000 0.004870 0.000000 0.000000
1.104521 6.143147 -3.031652 0.004157 -0.520833 -0.853648 0.999988 0.000000 0.004870 1.000000 0.000000
1.260214 4.560555 -2.030702 0.555518 -0.562500 0.612367 -0.740650 0.000000 0.671891 0.000000 1.000000
0.076656 4.560555 -0.957020 0.555518 -0.562500 0.612367 -0.740650 0.000000 0.671891 1.000000 1.000000
1.864161 5.881777 -1.364951 0.555518 -0.562500 0.612367 -0.740650 0.000000 0.671891 0.000000 0.000000
0.680602 5.881777 -0.291268 0.555518 -0.562500 0.612367 -0.740650 0.000000 0.671891 1.000000 0.000000
-0.398997 4.421210 -1.162353 -0.793458 -0.604167 -0.073531 0.092276 0.000000 -0.995734 0.000000 1.000000
-0.251541 4.421210 -2.753535 -0.793458 -0.604167 -0.073531 0.092276 0.000000 -0.995734 1.000000 1.000000
-1.360336 5.694589 -1.251441 -0.793458 -0.604167 -0.073531 0.092276 0.000000 -0.995734 0.000000 0.000000
-1.212880 5.694589 -2.842624 -0.793458 -0.604167 -0.073531 0.092276 0.000000 -0.995734 1.000000 0.000000
0.151811 4.497865 -2.790599 0.608152 -0.645833 -0.461574 0.604567 0.000000 0.796554 0.000000 1.000000
1.117910 4.497865 -1.517705 0.608152 -0.645833 -0.461574 0.604567 0.000000 0.796554 1.000000 1.000000
0.973888 5.717904 -3.414537 0.608152 -0.645833 -0.461574 0.604567 0.000000 0.796554 0.000000 0.000000
1.939987 5.717904 -2.141644 0.608152 -0.645833 -0.461574 0.604567 0.000000 0.796554 1.000000 0.000000
1.072191 4.726157 -1.680542 -0.129969 -0.687500 0.714459 -0.983854 0.000000 -0.178975 0.000000 1.000000
-0.500008 4.726157 -1.966544 -0.129969 -0.687500 0.714459 -0.983854 0.000000 -0.178975 1.000000 1.000000
0.875565 5.886599 -0.599656 -0.129969 -0.687500 0.714459 -0.983854 0.000000 -0.178975 0.000000 0.000000
-0.696633 5.886599 -0.885657 -0.129969 -0.687500 0.714459 -0.983854 0.000000 -0.178975 1.000000 0.000000
-0.302411 4.880143 -1.357122 -0.364487 -0.729167 -0.579194 0.846359 0.000000 -0.532614 0.000000 1.000000
1.050070 4.880143 -2.208238 -0.364487 -0.729167 -0.579194 0.846359 0.000000 -0.532614 1.000000 1.000000
-0.923017 5.973713 -2.343306 -0.364487 -0.729167 -0.579194 0.846359 0.000000 -0.532614 0.000000 0.000000
0.429464 5.973713 -3.194422 -0.364487 -0.729167 -0.579194 0.846359 0.000000 -0.532614 1.000000 0.000000
0.400073 4.785153 -2.701036 0.614384 -0.770833 0.168371 -0.264303 0.000000 0.964440 0.000000 1.000000
-0.022283 4.785153 -1.159861 0.614384 -0.770833 0.168371 -0.264303 0.000000 0.964440 1.000000 1.000000
1.588062 5.803138 -2.375469 0.614384 -0.770833 0.168371 -0.264303 0.000000 0.964440 0.000000 0.000000
1.165705 5.803138 -0.834295 0.614384 -0.770833 0.168371 -0.264303 0.000000 0.964440 1.000000 0.000000
0.648533 4.503915 -1.180792 -0.518650 -0.812500 0.266169 -0.456581 0.000000 -0.889682 0.000000 1.000000
-0.081083 4.503915 -2.602503 -0.518650 -0.812500 0.266169 -0.456581 0.000000 -0.889682 1.000000 1.000000
-0.506607 5.435487 -0.587978 -0.518650 -0.812500 0.266169 -0.456581 0.000000 -0.889682 0.000000 0.000000
-1.236224 5.435487 -2.009690 -0.518650 -0.812500 0.266169 -0.456581 0.000000 -0.889682 1.000000 0.000000
-0.435967 4.301048 -2.213364 0.180756 -0.854167 -0.487572 0.937640 0.000000 0.347607 0.000000 1.000000
1.062382 4.301048 -1.657887 0.180756 -0.854167 -0.487572 0.937640 0.000000 0.347607 1.000000 1.000000
0.038502 5.132007 -3.493203 0.180756 -0.854167 -0.487572 0.937640 0.000000 0.347607 0.000000 0.000000
1.536851 5.132007 -2.937727 0.180756 -0.854167 -0.487572 0.937640 0.000000 0.347607 1.000000 0.000000
0.984554 4.398615 -2.337531 0.167558 -0.895833 0.411591 -0.926192 0.000000 0.377052 0.000000 1.000000
-0.495501 4.398615 -1.735001 0.167558 -0.895833 0.411591 -0.926192 0.000000 0.377052 1.000000 1.000000
1.524320 5.108751 -1.011648 0.167558 -0.895833 0.411591 -0.926192 0.000000 0.377052 0.000000 0.000000
0.044265 5.108751 -0.409119 0.167558 -0.895833 0.411591 -0.926192 0.000000 0.377052 1.000000 0.000000
0.343026 4.752315 -0.995428 -0.314461 -0.937500 -0.149025 0.428250 0.000000 -0.903660 0.000000 1.000000
1.027370 4.752315 -2.439477 -0.314461 -0.937500 -0.149025 0.428250 0.000000 -0.903660 1.000000 1.000000
-1.010770 5.308396 -1.637000 -0.314461 -0.937500 -0.149025 0.428250 0.000000 -0.903660 0.000000 0.000000
-0.326427 5.308396 -3.081049 -0.314461 -0.937500 -0.149025 0.428250 0.000000 -0.903660 1.000000 0.000000
-0.554350 5.088380 -2.472700 0.194044 -0.979167 -0.059828 0.294636 0.000000 0.955610 0.000000 1.000000
-0.083522 5.088380 -0.945636 0.194044 -0.979167 -0.059828 0.294636 0.000000 0.955610 1.000000 1.000000
0.940900 5.412867 -2.933719 0.194044 -0.979167 -0.059828 0.294636 0.000000 0.955610 0.000000 0.000000
1.411728 5.412867 -1.406655 0.194044 -0.979167 -0.059828 0.294636 0.000000 0.955610 1.000000 0.000000
-0.038338 7.151647 0.748000 0.203058 0.979167 0.000000 -0.000000 0.000000 1.000000 0.000000 1.000000
-0.038338 7.151647 2.252000 0.203058 0.979167 0.000000 -0.000000 0.000000 1.000000 1.000000 1.000000
-1.511005 7.457047 0.748000 0.203058 0.979167 0.000000 -0.000000 0.000000 1.000000 0.000000 0.000000
-1.511005 7.457047 2.252000 0.203058 0.979167 0.000000 -0.000000 0.000000 1.000000 1.000000 0.000000
-1.094481 7.105487 2.698003 -0.256593 0.937500 0.235061 -0.675490 0.000000 -0.737369 0.000000 1.000000
-2.110418 7.105487 1.589000 -0.256593 0.937500 0.235061 -0.675490 0.000000 -0.737369 1.000000 1.000000
-0.054791 7.628857 1.745561 -0.256593 0.937500 0.235061 -0.675490 0.000000 -0.737369 0.000000 0.000000
-1.070729 7.628857 0.636559 -0.256593 0.937500 0.235061 -0.675490 0.000000 -0.737369 1.000000 0.000000
-1.549762 7.298821 0.302112 0.038851 0.895833 -0.442689 0.996171 0.000000 0.087425 0.000000 1.000000
-0.051521 7.298821 0.433600 0.038851 0.895833 -0.442689 0.996171 0.000000 0.087425 1.000000 1.000000
-1.667553 7.967184 1.644287 0.038851 0.895833 -0.442689 0.996171 0.000000 0.087425 0.000000 0.000000
-0.169312 7.967184 1.775775 0.038851 0.895833 -0.442689 0.996171 0.000000 0.087425 1.000000 0.000000
0.497044 7.414331 2.086245 0.316388 0.854167 0.412672 -0.793600 0.000000 0.608439 0.000000 1.000000
-0.696531 7.414331 3.001337 0.316388 0.854167 0.412672 -0.793600 0.000000 0.608439 1.000000 1.000000
-0.284598 8.196410 1.066733 0.316388 0.854167 0.412672 -0.793600 0.000000 0.608439 0.000000 0.000000
-1.478173 8.196410 1.981825 0.316388 0.854167 0.412672 -0.793600 0.000000 0.608439 1.000000 0.000000
-2.338740 7.261008 2.009182 -0.574050 0.812500 -0.101541 0.174181 0.000000 -0.984714 0.000000 1.000000
-2.076772 7.261008 0.528173 -0.574050 0.812500 -0.101541 0.174181 0.000000 -0.984714 1.000000 1.000000
-1.135420 8.137782 2.222032 -0.574050 0.812500 -0.101541 0.174181 0.000000 -0.984714 0.000000 0.000000
-0.873451 8.137782 0.741022 -0.574050 0.812500 -0.101541 0.174181 0.000000 -0.984714 1.000000 0.000000
-0.325387 6.922419 0.243223 0.537503 0.770833 -0.341916 0.536729 0.000000 0.843755 0.000000 1.000000
0.481853 6.922419 1.512230 0.537503 0.770833 -0.341916 0.536729 0.000000 0.843755 1.000000 1.000000
-1.303580 7.880523 0.865471 0.537503 0.770833 -0.341916 0.536729 0.000000 0.843755 0.000000 0.000000
-0.496340 7.880523 2.134478 0.537503 0.770833 -0.341916 0.536729 0.000000 0.843755 1.000000 0.000000
-0.429366 6.650139 2.645986 -0.177656 0.729167 0.660874 -0.965715 0.000000 -0.259603 0.000000 1.000000
-1.881802 6.650139 2.255543 -0.177656 0.729167 0.660874 -0.965715 0.000000 -0.259603 1.000000 1.000000
-0.144668 7.679380 1.586918 -0.177656 0.729167 0.660874 -0.965715 0.000000 -0.259603 0.000000 0.000000
-1.597104 7.679380 1.196475 -0.177656 0.729167 0.660874 -0.965715 0.000000 -0.259603 1.000000 0.000000
-2.030084 6.614907 0.955661 -0.334705 0.687500 -0.644451 0.887448 0.000000 -0.460908 0.000000 1.000000
-0.695362 6.614907 0.262455 -0.334705 0.687500 -0.644451 0.887448 0.000000 -0.460908 1.000000 1.000000
-1.553504 7.707088 1.873282 -0.334705 0.687500 -0.644451 0.887448 0.000000 -0.460908 0.000000 0.000000
-0.218783 7.707088 1.180076 -0.334705 0.687500 -0.644451 0.887448 0.000000 -0.460908 1.000000 0.000000
0.515580 6.757529 1.216387 0.717152 0.645833 0.261901 -0.343037 0.000000 0.939322 0.000000 1.000000
-0.000348 6.757529 2.629127 0.717152 0.645833 0.261901 -0.343037 0.000000 0.939322 1.000000 1.000000
-0.396815 7.905800 0.883184 0.717152 0.645833 0.261901 -0.343037 0.000000 0.939322 0.000000 0.000000
-0.912743 7.905800 2.295924 0.717152 0.645833 0.261901 -0.343037 0.000000 0.939322 1.000000 0.000000
-1.967341 6.867125 2.754135 -0.736572 0.604167 0.304048 -0.381558 0.000000 -0.924345 0.000000 1.000000
-2.541205 6.867125 1.363920 -0.736572 0.604167 0.304048 -0.381558 0.000000 -0.924345 1.000000 1.000000
-1.127420 8.065599 2.407425 -0.736572 0.604167 0.304048 -0.381558 0.000000 -0.924345 0.000000 0.000000
-1.701283 8.065599 1.017211 -0.736572 0.604167 0.304048 -0.381558 0.000000 -0.924345 1.000000 0.000000
-0.958008 6.790648 -0.150278 0.350433 0.562500 -0.748859 0.905735 0.000000 0.423844 0.000000 1.000000
0.404218 6.790648 0.487183 0.350433 0.562500 -0.748859 0.905735 0.000000 0.423844 1.000000 1.000000
-1.316580 8.034151 0.615974 0.350433 0.562500 -0.748859 0.905735 0.000000 0.423844 0.000000 0.000000
0.045646 8.034151 1.253435 0.350433 0.562500 -0.748859 0.905735 0.000000 0.423844 1.000000 0.000000
0.183600 6.565347 2.442012 0.255488 0.520833 0.814530 -0.954163 0.000000 0.299286 0.000000 1.000000
-1.251462 6.565347 2.892139 0.255488 0.520833 0.814530 -0.954163 0.000000 0.299286 1.000000 1.000000
-0.050841 7.849249 1.694584 0.255488 0.520833 0.814530 -0.954163 0.000000 0.299286 0.000000 0.000000
-1.485903 7.849249 2.144711 0.255488 0.520833 0.814530 -0.954163 0.000000 0.299286 1.000000 0.000000
-2.096306 6.360157 1.675871 -0.759418 0.479167 -0.440095 0.501405 0.000000 -0.865213 0.000000 1.000000
-1.342193 6.360157 0.374591 -0.759418 0.479167 -0.440095 0.501405 0.000000 -0.865213 1.000000 1.000000
-1.472776 7.680254 2.037217 -0.759418 0.479167 -0.440095 0.501405 0.000000 -0.865213 0.000000 0.000000
-0.718663 7.680254 0.735937 -0.759418 0.479167 -0.440095 0.501405 0.000000 -0.865213 1.000000 0.000000
-0.178923 6.303362 0.571512 0.878244 0.437500 -0.193082 0.214722 0.000000 0.976675 0.000000 1.000000
0.144019 6.303362 2.040431 0.878244 0.437500 -0.193082 0.214722 0.000000 0.976675 1.000000 1.000000
-0.821575 7.655787 0.712799 0.878244 0.437500 -0.193082 0.214722 0.000000 0.976675 0.000000 0.000000
-0.498633 7.655787 2.181719 0.878244 0.437500 -0.193082 0.214722 0.000000 0.976675 1.000000 0.000000
-0.938759 6.371226 2.862669 -0.528152 0.395833 0.751247 -0.818064 0.000000 -0.575127 0.000000 1.000000
-2.169128 6.371226 1.997679 -0.528152 0.395833 0.751247 -0.818064 0.000000 -0.575127 1.000000 1.000000
-0.596367 7.752383 2.375648 -0.528152 0.395833 0.751247 -0.818064 0.000000 -0.575127 0.000000 0.000000
-1.826736 7.752383 1.510658 -0.528152 0.395833 0.751247 -0.818064 0.000000 -0.575127 1.000000 0.000000
-1.828132 6.433291 0.189364 -0.120184 0.354167 -0.927427 0.991708 0.000000 -0.128514 0.000000 1.000000
-0.336603 6.433291 -0.003921 -0.120184 0.354167 -0.927427 0.991708 0.000000 -0.128514 1.000000 1.000000
-1.759676 7.839806 0.717613 -0.120184 0.354167 -0.927427 0.991708 0.000000 -0.128514 0.000000 0.000000
-0.268148 7.839806 0.524328 -0.120184 0.354167 -0.927427 0.991708 0.000000 -0.128514 1.000000 0.000000
0.703343 6.389660 1.867834 0.726356 0.312500 0.612169 -0.644444 0.000000 0.764651 0.000000 1.000000
-0.265901 6.389660 3.017870 0.726356 0.312500 0.612169 -0.644444 0.000000 0.764651 1.000000 1.000000
0.343957 7.818336 1.564946 0.726356 0.312500 0.612169 -0.644444 0.000000 0.764651 0.000000 0.000000
-0.625287 7.818336 2.714981 0.726356 0.312500 0.612169 -0.644444 0.000000 0.764651 1.000000 0.000000
-2.070332 6.257106 2.301044 -0.961804 0.270833 0.039777 -0.041322 0.000000 -0.999146 0.000000 1.000000
-2.132479 6.257106 0.798329 -0.961804 0.270833 0.039777 -0.041322 0.000000 -0.999146 1.000000 1.000000
-1.663346 7.704896 2.284213 -0.961804 0.270833 0.039777 -0.041322 0.000000 -0.999146 0.000000 0.000000
-1.725494 7.704896 0.781497 -0.961804 0.270833 0.039777 -0.041322 0.000000 -0.999146 1.000000 0.000000
-0.819252 6.130445 0.358736 0.689963 0.229167 -0.686611 0.705383 0.000000 0.708826 0.000000 1.000000
0.241644 6.130445 1.424811 0.689963 0.229167 -0.686611 0.705383 0.000000 0.708826 1.000000 1.000000
-1.063561 7.594419 0.601858 0.689963 0.229167 -0.686611 0.705383 0.000000 0.708826 0.000000 0.000000
-0.002665 7.594419 1.667933 0.689963 0.229167 -0.686611 0.705383 0.000000 0.708826 1.000000 0.000000
-0.183359 6.077240 2.282120 -0.045368 0.187500 0.981216 -0.998933 0.000000 -0.046187 0.000000 1.000000
-1.685754 6.077240 2.212655 -0.045368 0.187500 0.981216 -0.998933 0.000000 -0.046187 1.000000 1.000000
-0.170334 7.554566 2.000421 -0.045368 0.187500 0.981216 -0.998933 0.000000 -0.046187 0.000000 0.000000
-1.672729 7.554566 1.930956 -0.045368 0.187500 0.981216 -0.998933 0.000000 -0.046187 1.000000 0.000000
-2.087387 6.080220 1.250820 -0.633863 0.145833 -0.759573 0.767781 0.000000 -0.640713 0.000000 1.000000
-0.932645 6.080220 0.287188 -0.633863 0.145833 -0.759573 0.767781 0.000000 -0.640713 1.000000 1.000000
-1.946857 7.568141 1.419220 -0.633863 0.145833 -0.759573 0.767781 0.000000 -0.640713 0.000000 0.000000
-0.792115 7.568141 0.455588 -0.633863 0.145833 -0.759573 0.767781 0.000000 -0.640713 1.000000 0.000000
0.448617 6.075812 0.922672 0.985678 0.104167 0.132617 -0.133342 0.000000 0.991070 0.000000 1.000000
0.248070 6.075812 2.413241 0.985678 0.104167 0.132617 -0.133342 0.000000 0.991070 1.000000 1.000000
0.293349 7.571630 0.901782 0.985678 0.104167 0.132617 -0.133342 0.000000 0.991070 0.000000 0.000000
0.092803 7.571630 2.392351 0.985678 0.104167 0.132617 -0.133342 0.000000 0.991070 1.000000 0.000000
-1.580723 6.031225 2.889752 -0.819251 0.062500 0.570019 -0.571136 0.000000 -0.820855 0.000000 1.000000
-2.439712 6.031225 1.655185 -0.819251 0.062500 0.570019 -0.571136 0.000000 -0.820855 1.000000 1.000000
-1.503563 7.532284 2.836065 -0.819251 0.062500 0.570019 -0.571136 0.000000 -0.820855 0.000000 0.000000
-2.362551 7.532284 1.601499 -0.819251 0.062500 0.570019 -0.571136 0.000000 -0.820855 1.000000 0.000000
-1.389183 5.971049 0.248182 0.219429 0.020833 -0.975406 0.975618 0.000000 0.219476 0.000000 1.000000
0.078146 5.971049 0.578274 0.219429 0.020833 -0.975406 0.975618 0.000000 0.219476 1.000000 1.000000
-1.396060 7.474722 0.278751 0.219429 0.020833 -0.975406 0.975618 0.000000 0.219476 0.000000 0.000000
0.071269 7.474722 0.608843 0.219429 0.020833 -0.975406 0.975618 0.000000 0.219476 1.000000 0.000000
0.121294 5.932379 1.769758 0.497078 -0.020833 0.867456 -0.867644 0.000000 0.497186 0.000000 1.000000
-1.183643 5.932379 2.517525 0.497078 -0.020833 0.867456 -0.867644 0.000000 0.497186 1.000000 1.000000
0.136872 7.436052 1.796944 0.497078 -0.020833 0.867456 -0.867644 0.000000 0.497186 0.000000 0.000000
-1.168064 7.436052 2.544711 0.497078 -0.020833 0.867456 -0.867644 0.000000 0.497186 1.000000 0.000000
-1.662455 5.911433 2.046101 -0.950832 -0.062500 -0.303335 0.303930 0.000000 -0.952695 0.000000 1.000000
-1.205345 5.911433 0.613248 -0.950832 -0.062500 -0.303335 0.303930 0.000000 -0.952695 1.000000 1.000000
-1.752008 7.412492 2.017532 -0.950832 -0.062500 -0.303335 0.303930 0.000000 -0.952695 0.000000 0.000000
-1.294899 7.412492 0.584679 -0.950832 -0.062500 -0.303335 0.303930 0.000000 -0.952695 1.000000 0.000000
-0.570907 5.869527 0.519562 0.902850 -0.104167 -0.417146 0.419428 0.000000 0.907789 0.000000 1.000000
0.059913 5.869527 1.884876 0.902850 -0.104167 -0.417146 0.419428 0.000000 0.907789 1.000000 1.000000
-0.428687 7.365345 0.453851 0.902850 -0.104167 -0.417146 0.419428 0.000000 0.907789 0.000000 0.000000
0.202133 7.365345 1.819165 0.902850 -0.104167 -0.417146 0.419428 0.000000 0.907789 1.000000 0.000000
-0.597558 5.790477 2.725225 -0.381928 -0.145833 0.912614 -0.922476 0.000000 -0.386055 0.000000 1.000000
-1.984962 5.790477 2.144598 -0.381928 -0.145833 0.912614 -0.922476 0.000000 -0.386055 1.000000 1.000000
-0.682233 7.278398 2.927555 -0.381928 -0.145833 0.912614 -0.922476 0.000000 -0.386055 0.000000 0.000000
-2.069636 7.278398 2.346928 -0.381928 -0.145833 0.912614 -0.922476 0.000000 -0.386055 1.000000 0.000000
-1.996015 5.715372 0.674701 -0.332456 -0.187500 -0.924293 0.940981 0.000000 -0.338458 0.000000 1.000000
-0.580779 5.715372 0.165660 -0.332456 -0.187500 -0.924293 0.940981 0.000000 -0.338458 1.000000 1.000000
-2.091460 7.192698 0.409344 -0.332456 -0.187500 -0.924293 0.940981 0.000000 -0.338458 0.000000 0.000000
-0.676224 7.192698 -0.099697 -0.332456 -0.187500 -0.924293 0.940981 0.000000 -0.338458 1.000000 0.000000
0.292382 5.703354 1.277140 0.861635 -0.229167 0.452844 -0.465225 0.000000 0.885193 0.000000 1.000000
-0.407316 5.703354 2.608469 0.861635 -0.229167 0.452844 -0.465225 0.000000 0.885193 1.000000 1.000000
0.597478 7.167328 1.437487 0.861635 -0.229167 0.452844 -0.465225 0.000000 0.885193 0.000000 0.000000
-0.102220 7.167328 2.768817 0.861635 -0.229167 0.452844 -0.465225 0.000000 0.885193 1.000000 0.000000
-1.268354 5.755856 2.374788 -0.930829 -0.270833 0.245370 -0.254897 0.000000 -0.966968 0.000000 1.000000
-1.651719 5.755856 0.920468 -0.930829 -0.270833 0.245370 -0.254897 0.000000 -0.966968 1.000000 1.000000
-1.662232 7.203646 2.478616 -0.930829 -0.270833 0.245370 -0.254897 0.000000 -0.966968 0.000000 0.000000
-2.045597 7.203646 1.024296 -0.930829 -0.270833 0.245370 -0.254897 0.000000 -0.966968 1.000000 0.000000
-1.345883 5.794819 0.803010 0.513746 -0.312500 -0.799005 0.841131 0.000000 0.540832 0.000000 1.000000
-0.080822 5.794819 1.616421 0.513746 -0.312500 -0.799005 0.841131 0.000000 0.540832 1.000000 1.000000
-1.091692 7.223495 0.407679 0.513746 -0.312500 -0.799005 0.841131 0.000000 0.540832 0.000000 0.000000
0.173369 7.223495 1.221090 0.513746 -0.312500 -0.799005 0.841131 0.000000 0.540832 1.000000 0.000000
-0.086878 5.734924 1.791485 0.158404 -0.354167 0.921669 -0.985550 0.000000 0.169383 0.000000 1.000000
-1.569145 5.734924 2.046237 0.158404 -0.354167 0.921669 -0.985550 0.000000 0.169383 1.000000 1.000000
0.003347 7.141439 2.316454 0.158404 -0.354167 0.921669 -0.985550 0.000000 0.169383 0.000000 0.000000
-1.478921 7.141439 2.571207 0.158404 -0.354167 0.921669 -0.985550 0.000000 0.169383 1.000000 0.000000
-1.907091 5.583093 1.671207 -0.726051 -0.395833 -0.562286 0.612297 0.000000 -0.790628 0.000000 1.000000
-0.986197 5.583093 0.482103 -0.726051 -0.395833 -0.562286 0.612297 0.000000 -0.790628 1.000000 1.000000
-2.377778 6.964249 1.306686 -0.726051 -0.395833 -0.562286 0.612297 0.000000 -0.790628 0.000000 0.000000
-1.456884 6.964249 0.117582 -0.726051 -0.395833 -0.562286 0.612297 0.000000 -0.790628 1.000000 0.000000
-0.121490 5.453334 0.680919 0.896148 -0.437500 -0.074251 0.082573 0.000000 0.996585 0.000000 1.000000
0.002700 5.453334 2.179783 0.896148 -0.437500 -0.074251 0.082573 0.000000 0.996585 1.000000 1.000000
0.534263 6.805759 0.626586 0.896148 -0.437500 -0.074251 0.082573 0.000000 0.996585 0.000000 0.000000
0.658453 6.805759 2.125450 0.896148 -0.437500 -0.074251 0.082573 0.000000 0.996585 1.000000 0.000000
-0.821387 5.462657 2.522412 -0.596039 -0.479167 0.644311 -0.734070 0.000000 -0.679073 0.000000 1.000000
-1.925429 5.462657 1.501085 -0.596039 -0.479167 0.644311 -0.734070 0.000000 -0.679073 1.000000 1.000000
-1.310773 6.782754 3.051432 -0.596039 -0.479167 0.644311 -0.734070 0.000000 -0.679073 0.000000 0.000000
-2.414814 6.782754 2.030105 -0.596039 -0.479167 0.644311 -0.734070 0.000000 -0.679073 1.000000 0.000000
-1.650266 5.603017 1.142201 0.004157 -0.520833 -0.853648 0.999988 0.000000 0.004870 0.000000 1.000000
-0.146284 5.603017 1.149525 0.004157 -0.520833 -0.853648 0.999988 0.000000 0.004870 1.000000 1.000000
-1.646452 6.886919 0.358877 0.004157 -0.520833 -0.853648 0.999988 0.000000 0.004870 0.000000 0.000000
-0.142469 6.886919 0.366201 0.004157 -0.520833 -0.853648 0.999988 0.000000 0.004870 1.000000 0.000000
-0.280393 5.727040 1.063786 0.555518 -0.562500 0.612367 -0.740650 0.000000 0.671891 0.000000 1.000000
-1.394330 5.727040 2.074311 0.555518 -0.562500 0.612367 -0.740650 0.000000 0.671891 1.000000 1.000000
0.288027 6.970543 1.690376 0.555518 -0.562500 0.612367 -0.740650 0.000000 0.671891 0.000000 0.000000
-0.825910 6.970543 2.700901 0.555518 -0.562500 0.612367 -0.740650 0.000000 0.671891 1.000000 0.000000
-1.067025 5.681952 2.239744 -0.793458 -0.604167 -0.073531 0.092276 0.000000 -0.995734 0.000000 1.000000
-0.928242 5.681952 0.742161 -0.793458 -0.604167 -0.073531 0.092276 0.000000 -0.995734 1.000000 1.000000
-1.971815 6.880426 2.155896 -0.793458 -0.604167 -0.073531 0.092276 0.000000 -0.995734 0.000000 0.000000
-1.833032 6.880426 0.658313 -0.793458 -0.604167 -0.073531 0.092276 0.000000 -0.995734 1.000000 0.000000
-1.124269 5.470395 0.726149 0.608152 -0.645833 -0.461574 0.604567 0.000000 0.796554 0.000000 1.000000
-0.215000 5.470395 1.924166 0.608152 -0.645833 -0.461574 0.604567 0.000000 0.796554 1.000000 1.000000
-0.350550 6.618667 0.138913 0.608152 -0.645833 -0.461574 0.604567 0.000000 0.796554 0.000000 0.000000
0.558719 6.618667 1.336930 0.608152 -0.645833 -0.461574 0.604567 0.000000 0.796554 1.000000 0.000000
-0.234567 5.270761 2.043716 -0.129969 -0.687500 0.714459 -0.983854 0.000000 -0.178975 0.000000 1.000000
-1.714283 5.270761 1.774538 -0.129969 -0.687500 0.714459 -0.983854 0.000000 -0.178975 1.000000 1.000000
-0.419627 6.362942 3.061021 -0.129969 -0.687500 0.714459 -0.983854 0.000000 -0.178975 0.000000 0.000000
-1.899343 6.362942 2.791843 -0.129969 -0.687500 0.714459 -0.983854 0.000000 -0.178975 1.000000 0.000000
-1.698777 5.276408 1.642596 -0.364487 -0.729167 -0.579194 0.846359 0.000000 -0.532614 0.000000 1.000000
-0.425854 5.276408 0.841545 -0.364487 -0.729167 -0.579194 0.846359 0.000000 -0.532614 1.000000 1.000000
-2.282876 6.305650 0.714422 -0.364487 -0.729167 -0.579194 0.846359 0.000000 -0.532614 0.000000 0.000000
-1.009953 6.305650 -0.086628 -0.364487 -0.729167 -0.579194 0.846359 0.000000 -0.532614 1.000000 0.000000
-0.684647 5.498711 0.779290 0.614384 -0.770833 0.168371 -0.264303 0.000000 0.964440 0.000000 1.000000
-1.082159 5.498711 2.229807 0.614384 -0.770833 0.168371 -0.264303 0.000000 0.964440 1.000000 1.000000
0.433460 6.456815 1.085705 0.614384 -0.770833 0.168371 -0.264303 0.000000 0.964440 0.000000 0.000000
0.035948 6.456815 2.536222 0.614384 -0.770833 0.168371 -0.264303 0.000000 0.964440 1.000000 0.000000
-0.349745 5.734166 2.062857 -0.518650 -0.812500 0.266169 -0.456581 0.000000 -0.889682 0.000000 1.000000
-1.036443 5.734166 0.724776 -0.518650 -0.812500 0.266169 -0.456581 0.000000 -0.889682 1.000000 1.000000
-1.436936 6.610940 2.620800 -0.518650 -0.812500 0.266169 -0.456581 0.000000 -0.889682 0.000000 0.000000
-2.123634 6.610940 1.282718 -0.518650 -0.812500 0.266169 -0.456581 0.000000 -0.889682 1.000000 0.000000
-1.709810 5.748629 1.521030 0.180756 -0.854167 -0.487572 0.937640 0.000000 0.347607 0.000000 1.000000
-0.299599 5.748629 2.043832 0.180756 -0.854167 -0.487572 0.937640 0.000000 0.347607 1.000000 1.000000
-1.263250 6.530708 0.316475 0.180756 -0.854167 -0.487572 0.937640 0.000000 0.347607 0.000000 0.000000
0.146961 6.530708 0.839277 0.180756 -0.854167 -0.487572 0.937640 0.000000 0.347607 1.000000 0.000000
-0.298167 5.513902 0.983925 0.167558 -0.895833 0.411591 -0.926192 0.000000 0.377052 0.000000 1.000000
-1.691160 5.513902 1.551012 0.167558 -0.895833 0.411591 -0.926192 0.000000 0.377052 1.000000 1.000000
0.209848 6.182264 2.231815 0.167558 -0.895833 0.411591 -0.926192 0.000000 0.377052 0.000000 0.000000
-1.183145 6.182264 2.798901 0.167558 -0.895833 0.411591 -0.926192 0.000000 0.377052 1.000000 0.000000
-0.979457 5.262213 2.294516 -0.314461 -0.937500 -0.149025 0.428250 0.000000 -0.903660 0.000000 1.000000
-0.335369 5.262213 0.935411 -0.314461 -0.937500 -0.149025 0.428250 0.000000 -0.903660 1.000000 1.000000
-2.253618 5.785583 1.690684 -0.314461 -0.937500 -0.149025 0.428250 0.000000 -0.903660 0.000000 0.000000
-1.609530 5.785583 0.331579 -0.314461 -0.937500 -0.149025 0.428250 0.000000 -0.903660 1.000000 0.000000
-1.577052 5.295052 0.921818 0.194044 -0.979167 -0.059828 0.294636 0.000000 0.955610 0.000000 1.000000
-1.133919 5.295052 2.359055 0.194044 -0.979167 -0.059828 0.294636 0.000000 0.955610 1.000000 1.000000
-0.169757 5.600452 0.487917 0.194044 -0.979167 -0.059828 0.294636 0.000000 0.955610 0.000000 0.000000
0.273375 5.600452 1.925154 0.194044 -0.979167 -0.059828 0.294636 0.000000 0.955610 1.000000 0.000000
2.089058 8.365962 -1.552000 0.203058 0.979167 0.000000 -0.000000 0.000000 1.000000 0.000000 1.000000
2.089058 8.365962 -0.048000 0.203058 0.979167 0.000000 -0.000000 0.000000 1.000000 1.000000 1.000000
0.616391 8.671362 -1.552000 0.203058 0.979167 0.000000 -0.000000 0.000000 1.000000 0.000000 0.000000
0.616391 8.671362 -0.048000 0.203058 0.979167 0.000000 -0.000000 0.000000 1.000000 1.000000 0.000000
0.848582 7.913515 0.450162 -0.256593 0.937500 0.235061 -0.675490 0.000000 -0.737369 0.000000 1.000000
-0.167356 7.913515 -0.658840 -0.256593 0.937500 0.235061 -0.675490 0.000000 -0.737369 1.000000 1.000000
1.888272 8.436885 -0.502279 -0.256593 0.937500 0.235061 -0.675490 0.000000 -0.737369 0.000000 0.000000
0.872334 8.436885 -1.611282 -0.256593 0.937500 0.235061 -0.675490 0.000000 -0.737369 1.000000 0.000000
0.434934 7.545939 -1.823506 0.038851 0.895833 -0.442689 0.996171 0.000000 0.087425 0.000000 1.000000
1.933175 7.545939 -1.692018 0.038851 0.895833 -0.442689 0.996171 0.000000 0.087425 1.000000 1.000000
0.317143 8.214302 -0.481331 0.038851 0.895833 -0.442689 0.996171 0.000000 0.087425 0.000000 0.000000
1.815384 8.214302 -0.349844 0.038851 0.895833 -0.442689 0.996171 0.000000 0.087425 1.000000 0.000000
2.295708 7.470776 -0.476362 0.316388 0.854167 0.412672 -0.793600 0.000000 0.608439 0.000000 1.000000
1.102133 7.470776 0.438731 0.316388 0.854167 0.412672 -0.793600 0.000000 0.608439 1.000000 1.000000
1.514066 8.252855 -1.495874 0.316388 0.854167 0.412672 -0.793600 0.000000 0.608439 0.000000 0.000000
0.320491 8.252855 -0.580781 0.316388 0.854167 0.412672 -0.793600 0.000000 0.608439 1.000000 0.000000
-0.180514 7.637058 -0.262830 -0.574050 0.812500 -0.101541 0.174181 0.000000 -0.984714 0.000000 1.000000
0.081454 7.637058 -1.743839 -0.574050 0.812500 -0.101541 0.174181 0.000000 -0.984714 1.000000 1.000000
1.022806 8.513832 -0.049981 -0.574050 0.812500 -0.101541 0.174181 0.000000 -0.984714 0.000000 0.000000
1.284774 8.513832 -1.530990 -0.574050 0.812500 -0.101541 0.174181 0.000000 -0.984714 1.000000 0.000000
1.860777 7.789398 -2.175199 0.537503 0.770833 -0.341916 0.536729 0.000000 0.843755 0.000000 1.000000
2.668017 7.789398 -0.906192 0.537503 0.770833 -0.341916 0.536729 0.000000 0.843755 1.000000 1.000000
0.882584 8.747501 -1.552952 0.537503 0.770833 -0.341916 0.536729 0.000000 0.843755 0.000000 0.000000
1.689824 8.747501 -0.283945 0.537503 0.770833 -0.341916 0.536729 0.000000 0.843755 1.000000 0.000000
1.456926 7.716838 0.768975 -0.177656 0.729167 0.660874 -0.965715 0.000000 -0.259603 0.000000 1.000000
0.004490 7.716838 0.378532 -0.177656 0.729167 0.660874 -0.965715 0.000000 -0.259603 1.000000 1.000000
1.741624 8.746080 -0.290093 -0.177656 0.729167 0.660874 -0.965715 0.000000 -0.259603 0.000000 0.000000
0.289188 8.746080 -0.680535 -0.177656 0.729167 0.660874 -0.965715 0.000000 -0.259603 1.000000 0.000000
-0.139558 7.439772 -1.555123 -0.334705 0.687500 -0.644451 0.887448 0.000000 -0.460908 0.000000 1.000000
1.195164 7.439772 -2.248329 -0.334705 0.687500 -0.644451 0.887448 0.000000 -0.460908 1.000000 1.000000
0.337022 8.531953 -0.637502 -0.334705 0.687500 -0.644451 0.887448 0.000000 -0.460908 0.000000 0.000000
1.671743 8.531953 -1.330709 -0.334705 0.687500 -0.644451 0.887448 0.000000 -0.460908 1.000000 0.000000
2.303367 7.166420 -1.161112 0.717152 0.645833 0.261901 -0.343037 0.000000 0.939322 0.000000 1.000000
1.787440 7.166420 0.251628 0.717152 0.645833 0.261901 -0.343037 0.000000 0.939322 1.000000 1.000000
1.390972 8.314692 -1.494315 0.717152 0.645833 0.261901 -0.343037 0.000000 0.939322 0.000000 0.000000
0.875045 8.314692 -0.081575 0.717152 0.645833 0.261901 -0.343037 0.000000 0.939322 1.000000 0.000000
0.502901 7.081413 0.260025 -0.736572 0.604167 0.304048 -0.381558 0.000000 -0.924345 0.000000 1.000000
-0.070963 7.081413 -1.130190 -0.736572 0.604167 0.304048 -0.381558 0.000000 -0.924345 1.000000 1.000000
1.342822 8.279887 -0.086685 -0.736572 0.604167 0.304048 -0.381558 0.000000 -0.924345 0.000000 0.000000
0.768958 8.279887 -1.476899 -0.736572 0.604167 0.304048 -0.381558 0.000000 -0.924345 1.000000 0.000000
0.910297 7.179257 -2.168852 0.350433 0.562500 -0.748859 0.905735 0.000000 0.423844 0.000000 1.000000
2.272523 7.179257 -1.531390 0.350433 0.562500 -0.748859 0.905735 0.000000 0.423844 1.000000 1.000000
0.551725 8.422760 -1.402600 0.350433 0.562500 -0.748859 0.905735 0.000000 0.423844 0.000000 0.000000
1.913951 8.422760 -0.765138 0.350433 0.562500 -0.748859 0.905735 0.000000 0.423844 1.000000 0.000000
2.245687 7.291916 0.339953 0.255488 0.520833 0.814530 -0.954163 0.000000 0.299286 0.000000 1.000000
0.810625 7.291916 0.790080 0.255488 0.520833 0.814530 -0.954163 0.000000 0.299286 1.000000 1.000000
2.011246 8.575818 -0.407475 0.255488 0.520833 0.814530 -0.954163 0.000000 0.299286 0.000000 0.000000
0.576184 8.575818 0.042652 0.255488 0.520833 0.814530 -0.954163 0.000000 0.299286 1.000000 0.000000
-0.575874 7.262748 -0.902046 -0.759418 0.479167 -0.440095 0.501405 0.000000 -0.865213 0.000000 1.000000
0.178240 7.262748 -2.203326 -0.759418 0.479167 -0.440095 0.501405 0.000000 -0.865213 1.000000 1.000000
0.047656 8.582845 -0.540700 -0.759418 0.479167 -0.440095 0.501405 0.000000 -0.865213 0.000000 0.000000
0.801769 8.582845 -1.841980 -0.759418 0.479167 -0.440095 0.501405 0.000000 -0.865213 1.000000 0.000000
2.191183 7.087732 -1.809856 0.878244 0.437500 -0.193082 0.214722 0.000000 0.976675 0.000000 1.000000
2.514126 7.087732 -0.340937 0.878244 0.437500 -0.193082 0.214722 0.000000 0.976675 1.000000 1.000000
1.548531 8.440156 -1.668569 0.878244 0.437500 -0.193082 0.214722 0.000000 0.976675 0.000000 0.000000
1.871473 8.440156 -0.199649 0.878244 0.437500 -0.193082 0.214722 0.000000 0.976675 1.000000 0.000000
1.160585 6.896770 0.421361 -0.528152 0.395833 0.751247 -0.818064 0.000000 -0.575127 0.000000 1.000000
-0.069784 6.896770 -0.443630 -0.528152 0.395833 0.751247 -0.818064 0.000000 -0.575127 1.000000 1.000000
1.502977 8.277927 -0.065660 -0.528152 0.395833 0.751247 -0.818064 0.000000 -0.575127 0.000000 0.000000
0.272609 8.277927 -0.930651 -0.528152 0.395833 0.751247 -0.818064 0.000000 -0.575127 1.000000 0.000000
0.246301 6.813947 -1.536257 -0.120184 0.354167 -0.927427 0.991708 0.000000 -0.128514 0.000000 1.000000
1.737830 6.813947 -1.729542 -0.120184 0.354167 -0.927427 0.991708 0.000000 -0.128514 1.000000 1.000000
0.314757 8.220461 -1.008007 -0.120184 0.354167 -0.927427 0.991708 0.000000 -0.128514 0.000000 0.000000
1.806285 8.220461 -1.201293 -0.120184 0.354167 -0.927427 0.991708 0.000000 -0.128514 1.000000 0.000000
2.366657 6.844807 -0.715923 0.726356 0.312500 0.612169 -0.644444 0.000000 0.764651 0.000000 1.000000
1.397413 6.844807 0.434113 0.726356 0.312500 0.612169 -0.644444 0.000000 0.764651 1.000000 1.000000
2.007271 8.273484 -1.018811 0.726356 0.312500 0.612169 -0.644444 0.000000 0.764651 0.000000 0.000000
1.038027 8.273484 0.131224 0.726356 0.312500 0.612169 -0.644444 0.000000 0.764651 1.000000 0.000000
-0.196926 6.892754 0.006280 -0.961804 0.270833 0.039777 -0.041322 0.000000 -0.999146 0.000000 1.000000
-0.259074 6.892754 -1.496436 -0.961804 0.270833 0.039777 -0.041322 0.000000 -0.999146 1.000000 1.000000
0.210059 8.340544 -0.010552 -0.961804 0.270833 0.039777 -0.041322 0.000000 -0.999146 0.000000 0.000000
0.147911 8.340544 -1.513267 -0.961804 0.270833 0.039777 -0.041322 0.000000 -0.999146 1.000000 0.000000
1.596115 6.868406 -2.354613 0.689963 0.229167 -0.686611 0.705383 0.000000 0.708826 0.000000 1.000000
2.657011 6.868406 -1.288538 0.689963 0.229167 -0.686611 0.705383 0.000000 0.708826 1.000000 1.000000
1.351806 8.332381 -2.111491 0.689963 0.229167 -0.686611 0.705383 0.000000 0.708826 0.000000 0.000000
2.412702 8.332381 -1.045416 0.689963 0.229167 -0.686611 0.705383 0.000000 0.708826 1.000000 0.000000
1.793876 6.771326 0.474485 -0.045368 0.187500 0.981216 -0.998933 0.000000 -0.046187 0.000000 1.000000
0.291481 6.771326 0.405020 -0.045368 0.187500 0.981216 -0.998933 0.000000 -0.046187 1.000000 1.000000
1.806900 8.248652 0.192786 -0.045368 0.187500 0.981216 -0.998933 0.000000 -0.046187 0.000000 0.000000
0.304506 8.248652 0.123321 -0.045368 0.187500 0.981216 -0.998933 0.000000 -0.046187 1.000000 0.000000
-0.040447 6.669421 -0.992931 -0.633863 0.145833 -0.759573 0.767781 0.000000 -0.640713 0.000000 1.000000
1.114295 6.669421 -1.956563 -0.633863 0.145833 -0.759573 0.767781 0.000000 -0.640713 1.000000 1.000000
0.100082 8.157342 -0.824531 -0.633863 0.145833 -0.759573 0.767781 0.000000 -0.640713 0.000000 0.000000
1.254825 8.157342 -1.788163 -0.633863 0.145833 -0.759573 0.767781 0.000000 -0.640713 1.000000 0.000000
1.877213 6.615426 -1.454207 0.985678 0.104167 0.132617 -0.133342 0.000000 0.991070 0.000000 1.000000
1.676667 6.615426 0.036363 0.985678 0.104167 0.132617 -0.133342 0.000000 0.991070 1.000000 1.000000
1.721946 8.111244 -1.475097 0.985678 0.104167 0.132617 -0.133342 0.000000 0.991070 0.000000 0.000000
1.521399 8.111244 0.015472 0.985678 0.104167 0.132617 -0.133342 0.000000 0.991070 1.000000 0.000000
0.858303 6.597732 0.284286 -0.819251 0.062500 0.570019 -0.571136 0.000000 -0.820855 0.000000 1.000000
-0.000686 6.597732 -0.950281 -0.819251 0.062500 0.570019 -0.571136 0.000000 -0.820855 1.000000 1.000000
0.935463 8.098791 0.230599 -0.819251 0.062500 0.570019 -0.571136 0.000000 -0.820855 0.000000 0.000000
0.076475 8.098791 -1.003968 -0.819251 0.062500 0.570019 -0.571136 0.000000 -0.820855 1.000000 0.000000
0.614299 6.571379 -2.067297 0.219429 0.020833 -0.975406 0.975618 0.000000 0.219476 0.000000 1.000000
2.081628 6.571379 -1.737205 0.219429 0.020833 -0.975406 0.975618 0.000000 0.219476 1.000000 1.000000
0.607422 8.075053 -2.036728 0.219429 0.020833 -0.975406 0.975618 0.000000 0.219476 0.000000 0.000000
2.074752 8.075053 -1.706636 0.219429 0.020833 -0.975406 0.975618 0.000000 0.219476 1.000000 0.000000
2.395971 6.520867 -0.050900 0.497078 -0.020833 0.867456 -0.867644 0.000000 0.497186 0.000000 1.000000
1.091034 6.520867 0.696868 0.497078 -0.020833 0.867456 -0.867644 0.000000 0.497186 1.000000 1.000000
2.411550 8.024540 -0.023713 0.497078 -0.020833 0.867456 -0.867644 0.000000 0.497186 0.000000 0.000000
1.106613 8.024540 0.724054 0.497078 -0.020833 0.867456 -0.867644 0.000000 0.497186 1.000000 0.000000
-0.200184 6.476087 -0.425446 -0.950832 -0.062500 -0.303335 0.303930 0.000000 -0.952695 0.000000 1.000000
0.256926 6.476087 -1.858298 -0.950832 -0.062500 -0.303335 0.303930 0.000000 -0.952695 1.000000 1.000000
-0.289737 7.977146 -0.454015 -0.950832 -0.062500 -0.303335 0.303930 0.000000 -0.952695 0.000000 0.000000
0.167373 7.977146 -1.886868 -0.950832 -0.062500 -0.303335 0.303930 0.000000 -0.952695 1.000000 0.000000
1.467416 6.465105 -1.798145 0.902850 -0.104167 -0.417146 0.419428 0.000000 0.907789 0.000000 1.000000
2.098235 6.465105 -0.432831 0.902850 -0.104167 -0.417146 0.419428 0.000000 0.907789 1.000000 1.000000
1.609636 7.960923 -1.863855 0.902850 -0.104167 -0.417146 0.419428 0.000000 0.907789 0.000000 0.000000
2.240455 7.960923 -0.498541 0.902850 -0.104167 -0.417146 0.419428 0.000000 0.907789 1.000000 0.000000
1.601379 6.466438 -0.050132 -0.381928 -0.145833 0.912614 -0.922476 0.000000 -0.386055 0.000000 1.000000
0.213975 6.466438 -0.630759 -0.381928 -0.145833 0.912614 -0.922476 0.000000 -0.386055 1.000000 1.000000
1.516704 7.954359 0.152197 -0.381928 -0.145833 0.912614 -0.922476 0.000000 -0.386055 0.000000 0.000000
0.129300 7.954359 -0.428430 -0.381928 -0.145833 0.912614 -0.922476 0.000000 -0.386055 1.000000 0.000000
0.200296 6.426089 -1.079516 -0.332456 -0.187500 -0.924293 0.940981 0.000000 -0.338458 0.000000 1.000000
1.615532 6.426089 -1.588557 -0.332456 -0.187500 -0.924293 0.940981 0.000000 -0.338458 1.000000 1.000000
0.104851 7.903415 -1.344872 -0.332456 -0.187500 -0.924293 0.940981 0.000000 -0.338458 0.000000 0.000000
1.520087 7.903415 -1.853914 -0.332456 -0.187500 -0.924293 0.940981 0.000000 -0.338458 1.000000 0.000000
2.205866 6.326364 -1.068330 0.861635 -0.229167 0.452844 -0.465225 0.000000 0.885193 0.000000 1.000000
1.506168 6.326364 0.263000 0.861635 -0.229167 0.452844 -0.465225 0.000000 0.885193 1.000000 1.000000
2.510962 7.790339 -0.907983 0.861635 -0.229167 0.452844 -0.465225 0.000000 0.885193 0.000000 0.000000
1.811264 7.790339 0.423347 0.861635 -0.229167 0.452844 -0.465225 0.000000 0.885193 1.000000 0.000000
0.280342 6.224545 0.193754 -0.930829 -0.270833 0.245370 -0.254897 0.000000 -0.966968 0.000000 1.000000
-0.103023 6.224545 -1.260566 -0.930829 -0.270833 0.245370 -0.254897 0.000000 -0.966968 1.000000 1.000000
-0.113537 7.672335 0.297582 -0.930829 -0.270833 0.245370 -0.254897 0.000000 -0.966968 0.000000 0.000000
-0.496902 7.672335 -1.156739 -0.930829 -0.270833 0.245370 -0.254897 0.000000 -0.966968 1.000000 0.000000
0.967778 6.204026 -1.984812 0.513746 -0.312500 -0.799005 0.841131 0.000000 0.540832 0.000000 1.000000
2.232839 6.204026 -1.171402 0.513746 -0.312500 -0.799005 0.841131 0.000000 0.540832 1.000000 1.000000
1.221969 7.632702 -2.380144 0.513746 -0.312500 -0.799005 0.841131 0.000000 0.540832 0.000000 0.000000
2.487030 7.632702 -1.566733 0.513746 -0.312500 -0.799005 0.841131 0.000000 0.540832 1.000000 0.000000
1.938077 6.279129 -0.363317 0.158404 -0.354167 0.921669 -0.985550 0.000000 0.169383 0.000000 1.000000
0.455809 6.279129 -0.108564 0.158404 -0.354167 0.921669 -0.985550 0.000000 0.169383 1.000000 1.000000
2.028302 7.685644 0.161653 0.158404 -0.354167 0.921669 -0.985550 0.000000 0.169383 0.000000 0.000000
0.546034 7.685644 0.416406 0.158404 -0.354167 0.921669 -0.985550 0.000000 0.169383 1.000000 0.000000
0.415843 6.359152 -0.378698 -0.726051 -0.395833 -0.562286 0.612297 0.000000 -0.790628 0.000000 1.000000
1.336738 6.359152 -1.567802 -0.726051 -0.395833 -0.562286 0.612297 0.000000 -0.790628 1.000000 1.000000
-0.054844 7.740309 -0.743219 -0.726051 -0.395833 -0.562286 0.612297 0.000000 -0.790628 0.000000 0.000000
0.866051 7.740309 -1.932323 -0.726051 -0.395833 -0.562286 0.612297 0.000000 -0.790628 1.000000 0.000000
1.317953 6.326999 -1.572636 0.896148 -0.437500 -0.074251 0.082573 0.000000 0.996585 0.000000 1.000000
1.442143 6.326999 -0.073772 0.896148 -0.437500 -0.074251 0.082573 0.000000 0.996585 1.000000 1.000000
1.973706 7.679423 -1.626968 0.896148 -0.437500 -0.074251 0.082573 0.000000 0.996585 0.000000 0.000000
2.097896 7.679423 -0.128105 0.896148 -0.437500 -0.074251 0.082573 0.000000 0.996585 1.000000 0.000000
1.305784 6.164892 0.084941 -0.596039 -0.479167 0.644311 -0.734070 0.000000 -0.679073 0.000000 1.000000
0.201742 6.164892 -0.936385 -0.596039 -0.479167 0.644311 -0.734070 0.000000 -0.679073 1.000000 1.000000
0.816398 7.484989 0.613961 -0.596039 -0.479167 0.644311 -0.734070 0.000000 -0.679073 0.000000 0.000000
-0.287643 7.484989 -0.407365 -0.596039 -0.479167 0.644311 -0.734070 0.000000 -0.679073 1.000000 0.000000
0.351401 5.994147 -1.500138 0.004157 -0.520833 -0.853648 0.999988 0.000000 0.004870 0.000000 1.000000
1.855383 5.994147 -1.492814 0.004157 -0.520833 -0.853648 0.999988 0.000000 0.004870 1.000000 1.000000
0.355216 7.278049 -2.283463 0.004157 -0.520833 -0.853648 0.999988 0.000000 0.004870 0.000000 0.000000
1.859198 7.278049 -2.276138 0.004157 -0.520833 -0.853648 0.999988 0.000000 0.004870 1.000000 0.000000
2.072531 5.969680 -0.847173 0.555518 -0.562500 0.612367 -0.740650 0.000000 0.671891 0.000000 1.000000
0.958594 5.969680 0.163352 0.555518 -0.562500 0.612367 -0.740650 0.000000 0.671891 1.000000 1.000000
2.640952 7.213183 -0.220583 0.555518 -0.562500 0.612367 -0.740650 0.000000 0.671891 0.000000 0.000000
1.527015 7.213183 0.789942 0.555518 -0.562500 0.612367 -0.740650 0.000000 0.671891 1.000000 0.000000
0.720796 6.120391 -0.079919 -0.793458 -0.604167 -0.073531 0.092276 0.000000 -0.995734 0.000000 1.000000
0.859579 6.120391 -1.577502 -0.793458 -0.604167 -0.073531 0.092276 0.000000 -0.995734 1.000000 1.000000
-0.183994 7.318866 -0.163767 -0.793458 -0.604167 -0.073531 0.092276 0.000000 -0.995734 0.000000 0.000000
-0.045211 7.318866 -1.661350 -0.793458 -0.604167 -0.073531 0.092276 0.000000 -0.995734 1.000000 0.000000
0.660476 6.298988 -1.410477 0.608152 -0.645833 -0.461574 0.604567 0.000000 0.796554 0.000000 1.000000
1.569745 6.298988 -0.212460 0.608152 -0.645833 -0.461574 0.604567 0.000000 0.796554 1.000000 1.000000
1.434195 7.447259 -1.997714 0.608152 -0.645833 -0.461574 0.604567 0.000000 0.796554 0.000000 0.000000
2.343465 7.447259 -0.799696 0.608152 -0.645833 -0.461574 0.604567 0.000000 0.796554 1.000000 0.000000
1.848589 6.310637 -0.713409 -0.129969 -0.687500 0.714459 -0.983854 0.000000 -0.178975 0.000000 1.000000
0.368873 6.310637 -0.982587 -0.129969 -0.687500 0.714459 -0.983854 0.000000 -0.178975 1.000000 1.000000
1.663530 7.402818 0.303896 -0.129969 -0.687500 0.714459 -0.983854 0.000000 -0.178975 0.000000 0.000000
0.183814 7.402818 0.034718 -0.129969 -0.687500 0.714459 -0.983854 0.000000 -0.178975 1.000000 0.000000
0.417582 6.109188 -0.472502 -0.364487 -0.729167 -0.579194 0.846359 0.000000 -0.532614 0.000000 1.000000
1.690505 6.109188 -1.273553 -0.364487 -0.729167 -0.579194 0.846359 0.000000 -0.532614 1.000000 1.000000
-0.166517 7.138429 -1.400675 -0.364487 -0.729167 -0.579194 0.846359 0.000000 -0.532614 0.000000 0.000000
1.106406 7.138429 -2.201726 -0.364487 -0.729167 -0.579194 0.846359 0.000000 -0.532614 1.000000 0.000000
1.502082 5.864432 -1.469537 0.614384 -0.770833 0.168371 -0.264303 0.000000 0.964440 0.000000 1.000000
1.104570 5.864432 -0.019020 0.614384 -0.770833 0.168371 -0.264303 0.000000 0.964440 1.000000 1.000000
2.620189 6.822536 -1.163122 0.614384 -0.770833 0.168371 -0.264303 0.000000 0.964440 0.000000 0.000000
2.222678 6.822536 0.287395 0.614384 -0.770833 0.168371 -0.264303 0.000000 0.964440 1.000000 0.000000
1.318826 5.814961 -0.067055 -0.518650 -0.812500 0.266169 -0.456581 0.000000 -0.889682 0.000000 1.000000
0.632128 5.814961 -1.405136 -0.518650 -0.812500 0.266169 -0.456581 0.000000 -0.889682 1.000000 1.000000
0.231635 6.691735 0.490887 -0.518650 -0.812500 0.266169 -0.456581 0.000000 -0.889682 0.000000 0.000000
-0.455063 6.691735 -0.847194 -0.518650 -0.812500 0.266169 -0.456581 0.000000 -0.889682 1.000000 0.000000
0.356784 6.033937 -0.958601 0.180756 -0.854167 -0.487572 0.937640 0.000000 0.347607 0.000000 1.000000
1.766995 6.033937 -0.435800 0.180756 -0.854167 -0.487572 0.937640 0.000000 0.347607 1.000000 1.000000
0.803344 6.816016 -2.163156 0.180756 -0.854167 -0.487572 0.937640 0.000000 0.347607 0.000000 0.000000
2.213555 6.816016 -1.640355 0.180756 -0.854167 -0.487572 0.937640 0.000000 0.347607 1.000000 0.000000
1.659711 6.339102 -1.419543 0.167558 -0.895833 0.411591 -0.926192 0.000000 0.377052 0.000000 1.000000
0.266718 6.339102 -0.852456 0.167558 -0.895833 0.411591 -0.926192 0.000000 0.377052 1.000000 1.000000
2.167726 7.007465 -0.171654 0.167558 -0.895833 0.411591 -0.926192 0.000000 0.377052 0.000000 0.000000
0.774733 7.007465 0.395433 0.167558 -0.895833 0.411591 -0.926192 0.000000 0.377052 1.000000 0.000000
1.219571 6.455574 0.088836 -0.314461 -0.937500 -0.149025 0.428250 0.000000 -0.903660 0.000000 1.000000
1.863659 6.455574 -1.270269 -0.314461 -0.937500 -0.149025 0.428250 0.000000 -0.903660 1.000000 1.000000
-0.054590 6.978943 -0.514996 -0.314461 -0.937500 -0.149025 0.428250 0.000000 -0.903660 0.000000 0.000000
0.589497 6.978943 -1.874101 -0.314461 -0.937500 -0.149025 0.428250 0.000000 -0.903660 1.000000 0.000000
0.342509 6.300957 -1.353381 0.194044 -0.979167 -0.059828 0.294636 0.000000 0.955610 0.000000 1.000000
0.785641 6.300957 0.083856 0.194044 -0.979167 -0.059828 0.294636 0.000000 0.955610 1.000000 1.000000
1.749803 6.606357 -1.787281 0.194044 -0.979167 -0.059828 0.294636 0.000000 0.955610 0.000000 0.000000
2.192936 6.606357 -0.350044 0.194044 -0.979167 -0.059828 0.294636 0.000000 0.955610 1.000000 0.000000
0 1 3 0 3 2 4 5 7 4 7 6 8 9 11 8 11 10 12 13 15 12 15 14 16 17 19 16 19 18 20 21 23 20 23 22 24 25 27 24 27 26 28 29 31 28 31 30 32 33 35 32 35 34 36 37 39 36 39 38 40 41 43 40 43 42 44 45 47 44 47 46 48 49 51 48 51 50 52 53 55 52 55 54 56 57 59 56 59 58 60 61 63 60 63 62 64 65 67 64 67 66 68 69 71 68 71 70 72 73 75 72 75 74 76 77 79 76 79 78 80 81 83 80 83 82 84 85 87 84 87 86 88 89 91 88 91 90 92 93 95 92 95 94 96 97 99 96 99 98 100 101 103 100 103 102 104 105 107 104 107 106 108 109 111 108 111 110 112 113 115 112 115 114 116 117 119 116 119 118 120 121 123 120 123 122 124 125 127 124 127 126 128 129 131 128 131 130 132 133 135 132 135 134 136 137 139 136 139 138 140 141 143 140 143 142 144 145 147 144 147 146 148 149 151 148 151 150 152 153 155 152 155 154 156 157 159 156 159 158 160 161 163 160 163 162 164 165 167 164 167 166 168 169 171 168 171 170 172 173 175 172 175 174 176 177 179 176 179 178 180 181 183 180 183 182 184 185 187 184 187 186 188 189 191 188 191 190 192 193 195 192 195 194 196 197 199 196 199 198 200 201 203 200 203 202 204 205 207 204 207 206 208 209 211 208 211 210 212 213 215 212 215 214 216 217 219 216 219 218 220 221 223 220 223 222 224 225 227 224 227 226 228 229 231 228 231 230 232 233 235 232 235 234 236 237 239 236 239 238 240 241 243 240 243 242 244 245 247 244 247 246 248 249 251 248 251 250 252 253 255 252 255 254 256 257 259 256 259 258 260 261 263 260 263 262 264 265 267 264 267 266 268 269 271 268 271 270 272 273 275 272 275 274 276 277 279 276 279 278 280 281 283 280 283 282 284 285 287 284 287 286 288 289 291 288 291 290 292 293 295 292 295 294 296 297 299 296 299 298 300 301 303 300 303 302 304 305 307 304 307 306 308 309 311 308 311 310 312 313 315 312 315 314 316 317 319 316 319 318 320 321 323 320 323 322 324 325 327 324 327 326 328 329 331 328 331 330 332 333 335 332 335 334 336 337 339 336 339 338 340 341 343 340 343 342 344 345 347 344 347 346 348 349 351 348 351 350 352 353 355 352 355 354 356 357 359 356 359 358 360 361 363 360 363 362 364 365 367 364 367 366 368 369 371 368 371 370 372 373 375 372 375 374 376 377 379 376 379 378 380 381 383 380 383 382 384 385 387 384 387 386 388 389 391 388 391 390 392 393 395 392 395 394 396 397 399 396 399 398 400 401 403 400 403 402 404 405 407 404 407 406 408 409 411 408 411 410 412 413 415 412 415 414 416 417 419 416 419 418 420 421 423 420 423 422 424 425 427 424 427 426 428 429 431 428 431 430 432 433 435 432 435 434 436 437 439 436 439 438 440 441 443 440 443 442 444 445 447 444 447 446 448 449 451 448 451 450 452 453 455 452 455 454 456 457 459 456 459 458 460 461 463 460 463 462 464 465 467 464 467 466 468 469 471 468 471 470 472 473 475 472 475 474 476 477 479 476 479 478 480 481 483 480 483 482 484 485 487 484 487 486 488 489 491 488 491 490 492 493 495 492 495 494 496 497 499 496 499 498 500 501 503 500 503 502 504 505 507 504 507 506 508 509 511 508 511 510 512 513 515 512 515 514 516 517 519 516 519 518 520 521 523 520 523 522 524 525 527 524 527 526 528 529 531 528 531 530 532 533 535 532 535 534 536 537 539 536 539 538 540 541 543 540 543 542 544 545 547 544 547 546 548 549 551 548 551 550 552 553 555 552 555 554 556 557 559 556 559 558 560 561 563 560 563 562 564 565 567 564 567 566 568 569 571 568 571 570 572 573 575 572 575 574 576 577 579 576 579 578 580 581 583 580 583 582 584 585 587 584 587 586 588 589 591 588 591 590 592 593 595 592 595 594 596 597 599 596 599 598 600 601 603 600 603 602 604 605 607 604 607 606 608 609 611 608 611 610 612 613 615 612 615 614 616 617 619 616 619 618 620 621 623 620 623 622 624 625 627 624 627 626 628 629 631 628 631 630 632 633 635 632 635 634 636 637 639 636 639 638 640 641 643 640 643 642 644 645 647 644 647 646 648 649 651 648 651 650 652 653 655 652 655 654 656 657 659 656 659 658 660 661 663 660 663 662 664 665 667 664 667 666 668 669 671 668 671 670 672 673 675 672 675 674 676 677 679 676 679 678 680 681 683 680 683 682 684 685 687 684 687 686 688 689 691 688 691 690 692 693 695 692 695 694 696 697 699 696 699 698 700 701 703 700 703 702 704 705 707 704 707 706 708 709 711 708 711 710 712 713 715 712 715 714 716 717 719 716 719 718 720 721 723 720 723 722 724 725 727 724 727 726 728 729 731 728 731 730 732 733 735 732 735 734 736 737 739 736 739 738 740 741 743 740 743 742 744 745 747 744 747 746 748 749 751 748 751 750 752 753 755 752 755 754 756 757 759 756 759 758 760 761 763 760 763 762 764 765 767 764 767 766 768 769 771 768 771 770 772 773 775 772 775 774 776 777 779 776 779 778 780 781 783 780 783 782 784 785 787 784 787 786 788 789 791 788 791 790 792 793 795 792 795 794 796 797 799 796 799 798 800 801 803 800 803 802 804 805 807 804 807 806 808 809 811 808 811 810 812 813 815 812 815 814 816 817 819 816 819 818 820 821 823 820 823 822 824 825 827 824 827 826 828 829 831 828 831 830 832 833 835 832 835 834 836 837 839 836 839 838 840 841 843 840 843 842 844 845 847 844 847 846 848 849 851 848 851 850 852 853 855 852 855 854 856 857 859 856 859 858 860 861 863 860 863 862 864 865 867 864 867 866 868 869 871 868 871 870 872 873 875 872 875 874 876 877 879 876 879 878 880 881 883 880 883 882 884 885 887 884 887 886 888 889 891 888 891 890 892 893 895 892 895 894 896 897 899 896 899 898 900 901 903 900 903 902 904 905 907 904 907 906 908 909 911 908 911 910 912 913 915 912 915 914 916 917 919 916 919 918 920 921 923 920 923 922 924 925 927 924 927 926 928 929 931 928 931 930 932 933 935 932 935 934 936 937 939 936 939 938 940 941 943 940 943 942 944 945 947 944 947 946 948 949 951 948 951 950 952 953 955 952 955 954 956 957 959 956 959 958 960 961 963 960 963 962 964 965 967 964 967 966 968 969 971 968 971 970 972 973 975 972 975 974 976 977 979 976 979 978 980 981 983 980 983 982 984 985 987 984 987 986 988 989 991 988 991 990 992 993 995 992 995 994 996 997 999 996 999 998 1000 1001 1003 1000 1003 1002 1004 1005 1007 1004 1007 1006 1008 1009 1011 1008 1011 1010 1012 1013 1015 1012 1015 1014 1016 1017 1019 1016 1019 1018 1020 1021 1023 1020 1023 1022 1024 1025 1027 1024 1027 1026 1028 1029 1031 1028 1031 1030 1032 1033 1035 1032 1035 1034 1036 1037 1039 1036 1039 1038 1040 1041 1043 1040 1043 1042 1044 1045 1047 1044 1047 1046 1048 1049 1051 1048 1051 1050 1052 1053 1055 1052 1055 1054 1056 1057 1059 1056 1059 1058 1060 1061 1063 1060 1063 1062 1064 1065 1067 1064 1067 1066 1068 1069 1071 1068 1071 1070 1072 1073 1075 1072 1075 1074 1076 1077 1079 1076 1079 1078 1080 1081 1083 1080 1083 1082 1084 1085 1087 1084 1087 1086 1088 1089 1091 1088 1091 1090 1092 1093 1095 1092 1095 1094 1096 1097 1099 1096 1099 1098 1100 1101 1103 1100 1103 1102 1104 1105 1107 1104 1107 1106 1108 1109 1111 1108 1111 1110 1112 1113 1115 1112 1115 1114 1116 1117 1119 1116 1119 1118 1120 1121 1123 1120 1123 1122 1124 1125 1127 1124 1127 1126 1128 1129 1131 1128 1131 1130 1132 1133 1135 1132 1135 1134 1136 1137 1139 1136 1139 1138 1140 1141 1143 1140 1143 1142 1144 1145 1147 1144 1147 1146 1148 1149 1151 1148 1151 1150
288 432
0.528537 1.024632 -0.399500 0.285652 0.958333 0.000000 -0.000000 0.000000 1.000000 0.000000 1.000000
0.528537 1.024632 0.399500 0.285652 0.958333 0.000000 -0.000000 0.000000 1.000000 1.000000 1.000000
-0.237172 1.252868 -0.399500 0.285652 0.958333 0.000000 -0.000000 0.000000 1.000000 0.000000 0.000000
-0.237172 1.252868 0.399500 0.285652 0.958333 0.000000 -0.000000 0.000000 1.000000 1.000000 0.000000
-0.226727 1.041996 0.749492 -0.356977 0.875000 0.327020 -0.675490 0.000000 -0.737369 0.000000 1.000000
-0.766444 1.041996 0.160334 -0.356977 0.875000 0.327020 -0.675490 0.000000 -0.737369 1.000000 1.000000
0.288786 1.428810 0.277240 -0.356977 0.875000 0.327020 -0.675490 0.000000 -0.737369 0.000000 0.000000
-0.250931 1.428810 -0.311918 -0.356977 0.875000 0.327020 -0.675490 0.000000 -0.737369 1.000000 0.000000
-0.334142 0.942141 -0.762216 0.053413 0.791667 -0.608614 0.996171 0.000000 0.087425 0.000000 1.000000
0.461798 0.942141 -0.692363 0.053413 0.791667 -0.608614 0.996171 0.000000 0.087425 1.000000 1.000000
-0.389443 1.430292 -0.132097 0.053413 0.791667 -0.608614 0.996171 0.000000 0.087425 0.000000 0.000000
0.406498 1.430292 -0.062244 0.053413 0.791667 -0.608614 0.996171 0.000000 0.087425 1.000000 0.000000
0.715566 0.741308 0.276730 0.429484 0.708333 0.560185 -0.793600 0.000000 0.608439 0.000000 1.000000
0.081480 0.741308 0.762873 0.429484 0.708333 0.560185 -0.793600 0.000000 0.608439 1.000000 1.000000
0.371215 1.305305 -0.172414 0.429484 0.708333 0.560185 -0.793600 0.000000 0.608439 0.000000 0.000000
-0.262872 1.305305 0.313729 0.429484 0.708333 0.560185 -0.793600 0.000000 0.608439 1.000000 0.000000
-0.592633 0.563505 0.300874 -0.768692 0.625000 -0.135970 0.174181 0.000000 -0.984714 0.000000 1.000000
-0.453463 0.563505 -0.485912 -0.768692 0.625000 -0.135970 0.174181 0.000000 -0.984714 1.000000 1.000000
-0.100892 1.187224 0.387855 -0.768692 0.625000 -0.135970 0.174181 0.000000 -0.984714 0.000000 0.000000
0.038279 1.187224 -0.398931 -0.768692 0.625000 -0.135970 0.174181 0.000000 -0.984714 1.000000 0.000000
0.206307 0.496058 -0.604715 0.709255 0.541667 -0.451171 0.536729 0.000000 0.843755 0.000000 1.000000
0.635154 0.496058 0.069445 0.709255 0.541667 -0.451171 0.536729 0.000000 0.843755 1.000000 1.000000
-0.158863 1.167692 -0.372423 0.709255 0.541667 -0.451171 0.536729 0.000000 0.843755 0.000000 0.000000
0.269984 1.167692 0.301737 0.709255 0.541667 -0.451171 0.536729 0.000000 0.843755 1.000000 0.000000
0.228419 0.513144 0.689178 -0.230730 0.458333 0.858309 -0.965715 0.000000 -0.259603 0.000000 1.000000
-0.543188 0.513144 0.481755 -0.230730 0.458333 0.858309 -0.965715 0.000000 -0.259603 1.000000 1.000000
0.323487 1.223280 0.335525 -0.230730 0.458333 0.858309 -0.965715 0.000000 -0.259603 0.000000 0.000000
-0.448119 1.223280 0.128102 -0.230730 0.458333 0.858309 -0.965715 0.000000 -0.259603 1.000000 0.000000
-0.700699 0.522864 -0.482381 -0.427274 0.375000 -0.822686 0.887448 0.000000 -0.460908 0.000000 1.000000
0.008372 0.522864 -0.850646 -0.427274 0.375000 -0.822686 0.887448 0.000000 -0.460908 1.000000 1.000000
-0.562599 1.263557 -0.216479 -0.427274 0.375000 -0.822686 0.887448 0.000000 -0.460908 0.000000 0.000000
0.146472 1.263557 -0.584745 -0.427274 0.375000 -0.822686 0.887448 0.000000 -0.460908 1.000000 0.000000
0.866166 0.469030 -0.108986 0.898480 0.291667 0.328122 -0.343037 0.000000 0.939322 0.000000 1.000000
0.592080 0.469030 0.641532 0.898480 0.291667 0.328122 -0.343037 0.000000 0.939322 1.000000 1.000000
0.647265 1.233289 -0.188928 0.898480 0.291667 0.328122 -0.343037 0.000000 0.939322 0.000000 0.000000
0.373179 1.233289 0.561590 0.898480 0.291667 0.328122 -0.343037 0.000000 0.939322 1.000000 0.000000
-0.431227 0.376037 0.610203 -0.904063 0.208333 0.373186 -0.381558 0.000000 -0.924345 0.000000 1.000000
-0.736092 0.376037 -0.128348 -0.904063 0.208333 0.373186 -0.381558 0.000000 -0.924345 1.000000 1.000000
-0.277362 1.157505 0.546690 -0.904063 0.208333 0.373186 -0.381558 0.000000 -0.924345 0.000000 0.000000
-0.582227 1.157505 -0.191862 -0.904063 0.208333 0.373186 -0.381558 0.000000 -0.924345 1.000000 0.000000
-0.179430 0.301564 -0.559130 0.420520 0.125000 -0.898631 0.905735 0.000000 0.423844 0.000000 1.000000
0.544253 0.301564 -0.220479 0.420520 0.125000 -0.898631 0.905735 0.000000 0.423844 1.000000 1.000000
-0.221761 1.094297 -0.468670 0.420520 0.125000 -0.898631 0.905735 0.000000 0.423844 0.000000 0.000000
0.501921 1.094297 -0.130019 0.420520 0.125000 -0.898631 0.905735 0.000000 0.423844 1.000000 0.000000
0.483755 0.264445 0.207433 0.299026 0.041667 0.953335 -0.954163 0.000000 0.299286 0.000000 1.000000
-0.278621 0.264445 0.446562 0.299026 0.041667 0.953335 -0.954163 0.000000 0.299286 1.000000 1.000000
0.473792 1.062751 0.175667 0.299026 0.041667 0.953335 -0.954163 0.000000 0.299286 0.000000 0.000000
-0.288585 1.062751 0.414797 0.299026 0.041667 0.953335 -0.954163 0.000000 0.299286 1.000000 0.000000
-0.569143 0.232375 0.131908 -0.864461 -0.041667 -0.500970 0.501405 0.000000 -0.865213 0.000000 1.000000
-0.168521 0.232375 -0.559397 -0.864461 -0.041667 -0.500970 0.501405 0.000000 -0.865213 1.000000 1.000000
-0.597948 1.030681 0.115216 -0.864461 -0.041667 -0.500970 0.501405 0.000000 -0.865213 0.000000 0.000000
-0.197325 1.030681 -0.576089 -0.864461 -0.041667 -0.500970 0.501405 0.000000 -0.865213 1.000000 0.000000
0.469627 0.175696 -0.512288 0.969015 -0.125000 -0.213038 0.214722 0.000000 0.976675 0.000000 1.000000
0.641190 0.175696 0.268075 0.969015 -0.125000 -0.213038 0.214722 0.000000 0.976675 1.000000 1.000000
0.567172 0.968429 -0.533734 0.969015 -0.125000 -0.213038 0.214722 0.000000 0.976675 0.000000 0.000000
0.738735 0.968429 0.246630 0.969015 -0.125000 -0.213038 0.214722 0.000000 0.976675 1.000000 0.000000
-0.016876 0.114245 0.718635 -0.562507 -0.208333 0.800114 -0.818064 0.000000 -0.575127 0.000000 1.000000
-0.670510 0.114245 0.259108 -0.562507 -0.208333 0.800114 -0.818064 0.000000 -0.575127 1.000000 1.000000
-0.112611 0.895714 0.854808 -0.562507 -0.208333 0.800114 -0.818064 0.000000 -0.575127 0.000000 0.000000
-0.766244 0.895714 0.395282 -0.562507 -0.208333 0.800114 -0.818064 0.000000 -0.575127 1.000000 0.000000
-0.454022 0.095115 -0.394957 -0.122926 -0.291667 -0.948588 0.991708 0.000000 -0.128514 0.000000 1.000000
0.338352 0.095115 -0.497640 -0.122926 -0.291667 -0.948588 0.991708 0.000000 -0.128514 1.000000 1.000000
-0.483972 0.859374 -0.626066 -0.122926 -0.291667 -0.948588 0.991708 0.000000 -0.128514 0.000000 0.000000
0.308403 0.859374 -0.728749 -0.122926 -0.291667 -0.948588 0.991708 0.000000 -0.128514 1.000000 0.000000
0.433883 0.125717 -0.156786 0.708851 -0.375000 0.597416 -0.644444 0.000000 0.764651 0.000000 1.000000
-0.081028 0.125717 0.454171 0.708851 -0.375000 0.597416 -0.644444 0.000000 0.764651 1.000000 1.000000
0.662992 0.866410 0.036306 0.708851 -0.375000 0.597416 -0.644444 0.000000 0.764651 0.000000 0.000000
0.148081 0.866410 0.647262 0.708851 -0.375000 0.597416 -0.644444 0.000000 0.764651 1.000000 0.000000
-0.087379 0.146888 0.403455 -0.888021 -0.458333 0.036726 -0.041322 0.000000 -0.999146 0.000000 1.000000
-0.120395 0.146888 -0.394862 -0.888021 -0.458333 0.036726 -0.041322 0.000000 -0.999146 1.000000 1.000000
-0.453275 0.857024 0.418588 -0.888021 -0.458333 0.036726 -0.041322 0.000000 -0.999146 0.000000 0.000000
-0.486291 0.857024 -0.379730 -0.888021 -0.458333 0.036726 -0.041322 0.000000 -0.999146 1.000000 0.000000
-0.189255 0.090608 -0.375272 0.595835 -0.541667 -0.592940 0.705383 0.000000 0.708826 0.000000 1.000000
0.374346 0.090608 0.191080 0.595835 -0.541667 -0.592940 0.705383 0.000000 0.708826 1.000000 1.000000
0.117520 0.762242 -0.680556 0.595835 -0.541667 -0.592940 0.705383 0.000000 0.708826 0.000000 0.000000
0.681120 0.762242 -0.114204 0.595835 -0.541667 -0.592940 0.705383 0.000000 0.708826 1.000000 0.000000
0.389165 -0.033533 0.232755 -0.036055 -0.625000 0.779792 -0.998933 0.000000 -0.046187 0.000000 1.000000
-0.408982 -0.033533 0.195851 -0.036055 -0.625000 0.779792 -0.998933 0.000000 -0.046187 1.000000 1.000000
0.366100 0.590187 0.731597 -0.036055 -0.625000 0.779792 -0.998933 0.000000 -0.046187 0.000000 0.000000
-0.432047 0.590187 0.694693 -0.036055 -0.625000 0.779792 -0.998933 0.000000 -0.046187 1.000000 0.000000
-0.440350 -0.125239 0.095843 -0.452265 -0.708333 -0.541960 0.767781 0.000000 -0.640713 0.000000 1.000000
0.173107 -0.125239 -0.416087 -0.452265 -0.708333 -0.541960 0.767781 0.000000 -0.640713 1.000000 1.000000
-0.802967 0.438758 -0.338689 -0.452265 -0.708333 -0.541960 0.767781 0.000000 -0.640713 0.000000 0.000000
-0.189510 0.438758 -0.850619 -0.452265 -0.708333 -0.541960 0.767781 0.000000 -0.640713 1.000000 0.000000
0.116069 -0.086003 -0.387483 0.605497 -0.791667 0.081466 -0.133342 0.000000 0.991070 0.000000 1.000000
0.009528 -0.086003 0.404382 0.605497 -0.791667 0.081466 -0.133342 0.000000 0.991070 1.000000 1.000000
0.742962 0.402149 -0.303139 0.605497 -0.791667 0.081466 -0.133342 0.000000 0.991070 0.000000 0.000000
0.636421 0.402149 0.488726 0.605497 -0.791667 0.081466 -0.133342 0.000000 0.991070 1.000000 0.000000
0.339917 0.070849 0.250179 -0.397395 -0.875000 0.276500 -0.571136 0.000000 -0.820855 0.000000 1.000000
-0.116420 0.070849 -0.405684 -0.397395 -0.875000 0.276500 -0.571136 0.000000 -0.820855 1.000000 1.000000
-0.233963 0.457663 0.649475 -0.397395 -0.875000 0.276500 -0.571136 0.000000 -0.820855 0.000000 0.000000
-0.690301 0.457663 -0.006389 -0.397395 -0.875000 0.276500 -0.571136 0.000000 -0.820855 1.000000 0.000000
-0.453357 0.223597 0.195025 0.062694 -0.958333 -0.278687 0.975618 0.000000 0.219476 0.000000 1.000000
0.326162 0.223597 0.370386 0.062694 -0.958333 -0.278687 0.975618 0.000000 0.219476 1.000000 1.000000
-0.285302 0.451833 -0.552014 0.062694 -0.958333 -0.278687 0.975618 0.000000 0.219476 0.000000 0.000000
0.494216 0.451833 -0.376653 0.062694 -0.958333 -0.278687 0.975618 0.000000 0.219476 1.000000 0.000000
0.956689 0.977184 -0.182000 0.285652 0.958333 0.000000 -0.000000 0.000000 1.000000 0.000000 1.000000
0.956689 0.977184 0.382000 0.285652 0.958333 0.000000 -0.000000 0.000000 1.000000 1.000000 1.000000
0.416189 1.138292 -0.182000 0.285652 0.958333 0.000000 -0.000000 0.000000 1.000000 0.000000 0.000000
0.416189 1.138292 0.382000 0.285652 0.958333 0.000000 -0.000000 0.000000 1.000000 1.000000 0.000000
0.389761 0.877184 0.629233 -0.356977 0.875000 0.327020 -0.675490 0.000000 -0.737369 0.000000 1.000000
0.008785 0.877184 0.213357 -0.356977 0.875000 0.327020 -0.675490 0.000000 -0.737369 1.000000 1.000000
0.753653 1.150229 0.295878 -0.356977 0.875000 0.327020 -0.675490 0.000000 -0.737369 0.000000 0.000000
0.372676 1.150229 -0.119998 -0.356977 0.875000 0.327020 -0.675490 0.000000 -0.737369 1.000000 0.000000
0.307882 0.713543 -0.366790 0.053413 0.791667 -0.608614 0.996171 0.000000 0.087425 0.000000 1.000000
0.869723 0.713543 -0.317482 0.053413 0.791667 -0.608614 0.996171 0.000000 0.087425 1.000000 1.000000
0.268847 1.058121 0.078001 0.053413 0.791667 -0.608614 0.996171 0.000000 0.087425 0.000000 0.000000
0.830687 1.058121 0.127308 0.053413 0.791667 -0.608614 0.996171 0.000000 0.087425 1.000000 0.000000
1.001971 0.576821 0.226035 0.429484 0.708333 0.560185 -0.793600 0.000000 0.608439 0.000000 1.000000
0.554381 0.576821 0.569195 0.429484 0.708333 0.560185 -0.793600 0.000000 0.608439 1.000000 1.000000
0.758900 0.974936 -0.091008 0.429484 0.708333 0.560185 -0.793600 0.000000 0.608439 0.000000 0.000000
0.311309 0.974936 0.252152 0.429484 0.708333 0.560185 -0.793600 0.000000 0.608439 1.000000 0.000000
0.141746 0.530753 0.314164 -0.768692 0.625000 -0.135970 0.174181 0.000000 -0.984714 0.000000 1.000000
0.239984 0.530753 -0.241215 -0.768692 0.625000 -0.135970 0.174181 0.000000 -0.984714 1.000000 1.000000
0.488858 0.971025 0.375563 -0.768692 0.625000 -0.135970 0.174181 0.000000 -0.984714 0.000000 0.000000
0.587096 0.971025 -0.179816 -0.768692 0.625000 -0.135970 0.174181 0.000000 -0.984714 1.000000 0.000000
0.773594 0.550878 -0.376453 0.709255 0.541667 -0.451171 0.536729 0.000000 0.843755 0.000000 1.000000
1.076309 0.550878 0.099425 0.709255 0.541667 -0.451171 0.536729 0.000000 0.843755 1.000000 1.000000
0.515827 1.024972 -0.212482 0.709255 0.541667 -0.451171 0.536729 0.000000 0.843755 0.000000 0.000000
0.818542 1.024972 0.263396 0.709255 0.541667 -0.451171 0.536729 0.000000 0.843755 1.000000 0.000000
0.681527 0.562414 0.696999 -0.230730 0.458333 0.858309 -0.965715 0.000000 -0.259603 0.000000 1.000000
0.136863 0.562414 0.550583 -0.230730 0.458333 0.858309 -0.965715 0.000000 -0.259603 1.000000 1.000000
0.748634 1.063686 0.447362 -0.230730 0.458333 0.858309 -0.965715 0.000000 -0.259603 0.000000 0.000000
0.203970 1.063686 0.300946 -0.230730 0.458333 0.858309 -0.965715 0.000000 -0.259603 1.000000 0.000000
0.044470 0.519841 -0.261529 -0.427274 0.375000 -0.822686 0.887448 0.000000 -0.460908 0.000000 1.000000
0.544990 0.519841 -0.521481 -0.427274 0.375000 -0.822686 0.887448 0.000000 -0.460908 1.000000 1.000000
0.141952 1.042683 -0.073833 -0.427274 0.375000 -0.822686 0.887448 0.000000 -0.460908 0.000000 0.000000
0.642472 1.042683 -0.333786 -0.427274 0.375000 -0.822686 0.887448 0.000000 -0.460908 1.000000 0.000000
1.069877 0.442542 -0.010359 0.898480 0.291667 0.328122 -0.343037 0.000000 0.939322 0.000000 1.000000
0.876405 0.442542 0.519418 0.898480 0.291667 0.328122 -0.343037 0.000000 0.939322 1.000000 1.000000
0.915359 0.982020 -0.066789 0.898480 0.291667 0.328122 -0.343037 0.000000 0.939322 0.000000 0.000000
0.721886 0.982020 0.462989 0.898480 0.291667 0.328122 -0.343037 0.000000 0.939322 1.000000 0.000000
0.365616 0.378959 0.481193 -0.904063 0.208333 0.373186 -0.381558 0.000000 -0.924345 0.000000 1.000000
0.150417 0.378959 -0.040138 -0.904063 0.208333 0.373186 -0.381558 0.000000 -0.924345 1.000000 1.000000
0.474226 0.930583 0.436360 -0.904063 0.208333 0.373186 -0.381558 0.000000 -0.924345 0.000000 0.000000
0.259027 0.930583 -0.084971 -0.904063 0.208333 0.373186 -0.381558 0.000000 -0.924345 1.000000 0.000000
0.407451 0.349321 -0.260718 0.420520 0.125000 -0.898631 0.905735 0.000000 0.423844 0.000000 1.000000
0.918286 0.349321 -0.021670 0.420520 0.125000 -0.898631 0.905735 0.000000 0.423844 1.000000 1.000000
0.377570 0.908897 -0.196864 0.420520 0.125000 -0.898631 0.905735 0.000000 0.423844 0.000000 0.000000
0.888405 0.908897 0.042184 0.420520 0.125000 -0.898631 0.905735 0.000000 0.423844 1.000000 0.000000
0.919279 0.331717 0.335066 0.299026 0.041667 0.953335 -0.954163 0.000000 0.299286 0.000000 1.000000
0.381130 0.331717 0.503864 0.299026 0.041667 0.953335 -0.954163 0.000000 0.299286 1.000000 1.000000
0.912245 0.895228 0.312643 0.299026 0.041667 0.953335 -0.954163 0.000000 0.299286 0.000000 0.000000
0.374097 0.895228 0.481441 0.299026 0.041667 0.953335 -0.954163 0.000000 0.299286 1.000000 0.000000
0.031010 0.299555 0.125168 -0.864461 -0.041667 -0.500970 0.501405 0.000000 -0.865213 0.000000 1.000000
0.313802 0.299555 -0.362812 -0.864461 -0.041667 -0.500970 0.501405 0.000000 -0.865213 1.000000 1.000000
0.010677 0.863065 0.113385 -0.864461 -0.041667 -0.500970 0.501405 0.000000 -0.865213 0.000000 0.000000
0.293470 0.863065 -0.374595 -0.864461 -0.041667 -0.500970 0.501405 0.000000 -0.865213 1.000000 0.000000
0.929676 0.258983 -0.272207 0.969015 -0.125000 -0.213038 0.214722 0.000000 0.976675 0.000000 1.000000
1.050780 0.258983 0.278638 0.969015 -0.125000 -0.213038 0.214722 0.000000 0.976675 1.000000 1.000000
0.998532 0.818559 -0.287345 0.969015 -0.125000 -0.213038 0.214722 0.000000 0.976675 0.000000 0.000000
1.119635 0.818559 0.263500 0.969015 -0.125000 -0.213038 0.214722 0.000000 0.976675 1.000000 0.000000
0.584953 0.239178 0.540609 -0.562507 -0.208333 0.800114 -0.818064 0.000000 -0.575127 0.000000 1.000000
0.123565 0.239178 0.216238 -0.562507 -0.208333 0.800114 -0.818064 0.000000 -0.575127 1.000000 1.000000
0.517376 0.790802 0.636732 -0.562507 -0.208333 0.800114 -0.818064 0.000000 -0.575127 0.000000 0.000000
0.055987 0.790802 0.312360 -0.562507 -0.208333 0.800114 -0.818064 0.000000 -0.575127 1.000000 0.000000
0.246401 0.248385 -0.048479 -0.122926 -0.291667 -0.948588 0.991708 0.000000 -0.128514 0.000000 1.000000
0.805724 0.248385 -0.120961 -0.122926 -0.291667 -0.948588 0.991708 0.000000 -0.128514 1.000000 1.000000
0.225260 0.787862 -0.211615 -0.122926 -0.291667 -0.948588 0.991708 0.000000 -0.128514 0.000000 0.000000
0.784583 0.787862 -0.284097 -0.122926 -0.291667 -0.948588 0.991708 0.000000 -0.128514 1.000000 0.000000
0.812870 0.252877 -0.047250 0.708851 -0.375000 0.597416 -0.644444 0.000000 0.764651 0.000000 1.000000
0.449404 0.252877 0.384014 0.708851 -0.375000 0.597416 -0.644444 0.000000 0.764651 1.000000 1.000000
0.974594 0.775719 0.089050 0.708851 -0.375000 0.597416 -0.644444 0.000000 0.764651 0.000000 0.000000
0.611128 0.775719 0.520314 0.708851 -0.375000 0.597416 -0.644444 0.000000 0.764651 1.000000 0.000000
0.423533 0.211424 0.387471 -0.888021 -0.458333 0.036726 -0.041322 0.000000 -0.999146 0.000000 1.000000
0.400227 0.211424 -0.176047 -0.888021 -0.458333 0.036726 -0.041322 0.000000 -0.999146 1.000000 1.000000
0.165253 0.712696 0.398153 -0.888021 -0.458333 0.036726 -0.041322 0.000000 -0.999146 0.000000 0.000000
0.141948 0.712696 -0.165365 -0.888021 -0.458333 0.036726 -0.041322 0.000000 -0.999146 1.000000 0.000000
0.498627 0.130391 -0.246717 0.595835 -0.541667 -0.592940 0.705383 0.000000 0.708826 0.000000 1.000000
0.896463 0.130391 0.153061 0.595835 -0.541667 -0.592940 0.705383 0.000000 0.708826 1.000000 1.000000
0.715174 0.604486 -0.462212 0.595835 -0.541667 -0.592940 0.705383 0.000000 0.708826 0.000000 0.000000
1.113009 0.604486 -0.062434 0.595835 -0.541667 -0.592940 0.705383 0.000000 0.708826 1.000000 0.000000
0.822101 0.072364 0.320620 -0.036055 -0.625000 0.779792 -0.998933 0.000000 -0.046187 0.000000 1.000000
0.258702 0.072364 0.294571 -0.036055 -0.625000 0.779792 -0.998933 0.000000 -0.046187 1.000000 1.000000
0.805820 0.512636 0.672744 -0.036055 -0.625000 0.779792 -0.998933 0.000000 -0.046187 0.000000 0.000000
0.242422 0.512636 0.646695 -0.036055 -0.625000 0.779792 -0.998933 0.000000 -0.046187 1.000000 0.000000
0.267202 0.096685 0.201252 -0.452265 -0.708333 -0.541960 0.767781 0.000000 -0.640713 0.000000 1.000000
0.700231 0.096685 -0.160110 -0.452265 -0.708333 -0.541960 0.767781 0.000000 -0.640713 1.000000 1.000000
0.011237 0.494800 -0.105477 -0.452265 -0.708333 -0.541960 0.767781 0.000000 -0.640713 0.000000 0.000000
0.444266 0.494800 -0.466839 -0.452265 -0.708333 -0.541960 0.767781 0.000000 -0.640713 1.000000 0.000000
0.548702 0.189287 -0.184716 0.605497 -0.791667 0.081466 -0.133342 0.000000 0.991070 0.000000 1.000000
0.473497 0.189287 0.374248 0.605497 -0.791667 0.081466 -0.133342 0.000000 0.991070 1.000000 1.000000
0.991215 0.533865 -0.125178 0.605497 -0.791667 0.081466 -0.133342 0.000000 0.991070 0.000000 0.000000
0.916010 0.533865 0.433785 0.605497 -0.791667 0.081466 -0.133342 0.000000 0.991070 1.000000 0.000000
0.822778 0.263489 0.253750 -0.397395 -0.875000 0.276500 -0.571136 0.000000 -0.820855 0.000000 1.000000
0.500658 0.263489 -0.209213 -0.397395 -0.875000 0.276500 -0.571136 0.000000 -0.820855 1.000000 1.000000
0.417686 0.536534 0.535605 -0.397395 -0.875000 0.276500 -0.571136 0.000000 -0.820855 0.000000 0.000000
0.095566 0.536534 0.072643 -0.397395 -0.875000 0.276500 -0.571136 0.000000 -0.820855 1.000000 0.000000
0.233150 0.250599 0.223587 0.062694 -0.958333 -0.278687 0.975618 0.000000 0.219476 0.000000 1.000000
0.783399 0.250599 0.347371 0.062694 -0.958333 -0.278687 0.975618 0.000000 0.219476 1.000000 1.000000
0.351777 0.411707 -0.303735 0.062694 -0.958333 -0.278687 0.975618 0.000000 0.219476 0.000000 0.000000
0.902026 0.411707 -0.179950 0.062694 -0.958333 -0.278687 0.975618 0.000000 0.219476 1.000000 0.000000
-0.025128 0.788176 -0.005500 0.285652 0.958333 0.000000 -0.000000 0.000000 1.000000 0.000000 1.000000
-0.025128 0.788176 0.605500 0.285652 0.958333 0.000000 -0.000000 0.000000 1.000000 1.000000 1.000000
-0.610669 0.962709 -0.005500 0.285652 0.958333 0.000000 -0.000000 0.000000 1.000000 0.000000 0.000000
-0.610669 0.962709 0.605500 0.285652 0.958333 0.000000 -0.000000 0.000000 1.000000 1.000000 0.000000
-0.540948 0.820267 0.843431 -0.356977 0.875000 0.327020 -0.675490 0.000000 -0.737369 0.000000 1.000000
-0.953673 0.820267 0.392899 -0.356977 0.875000 0.327020 -0.675490 0.000000 -0.737369 1.000000 1.000000
-0.146732 1.116066 0.482297 -0.356977 0.875000 0.327020 -0.675490 0.000000 -0.737369 0.000000 0.000000
-0.559457 1.116066 0.031765 -0.356977 0.875000 0.327020 -0.675490 0.000000 -0.737369 1.000000 0.000000
-0.655147 0.828938 -0.287128 0.053413 0.791667 -0.608614 0.996171 0.000000 0.087425 0.000000 1.000000
-0.046487 0.828938 -0.233711 0.053413 0.791667 -0.608614 0.996171 0.000000 0.087425 1.000000 1.000000
-0.697435 1.202230 0.194729 0.053413 0.791667 -0.608614 0.996171 0.000000 0.087425 0.000000 0.000000
-0.088775 1.202230 0.248146 0.053413 0.791667 -0.608614 0.996171 0.000000 0.087425 1.000000 0.000000
0.189377 0.739388 0.566632 0.429484 0.708333 0.560185 -0.793600 0.000000 0.608439 0.000000 1.000000
-0.295513 0.739388 0.938389 0.429484 0.708333 0.560185 -0.793600 0.000000 0.608439 1.000000 1.000000
-0.073951 1.170680 0.223168 0.429484 0.708333 0.560185 -0.793600 0.000000 0.608439 0.000000 0.000000
-0.558841 1.170680 0.594925 0.429484 0.708333 0.560185 -0.793600 0.000000 0.608439 1.000000 0.000000
-0.927244 0.594067 0.516981 -0.768692 0.625000 -0.135970 0.174181 0.000000 -0.984714 0.000000 1.000000
-0.820819 0.594067 -0.084679 -0.768692 0.625000 -0.135970 0.174181 0.000000 -0.984714 1.000000 1.000000
-0.551206 1.071029 0.583496 -0.768692 0.625000 -0.135970 0.174181 0.000000 -0.984714 0.000000 0.000000
-0.444781 1.071029 -0.018164 -0.768692 0.625000 -0.135970 0.174181 0.000000 -0.984714 1.000000 0.000000
-0.239999 0.483987 -0.163852 0.709255 0.541667 -0.451171 0.536729 0.000000 0.843755 0.000000 1.000000
0.087942 0.483987 0.351682 0.709255 0.541667 -0.451171 0.536729 0.000000 0.843755 1.000000 1.000000
-0.519247 0.997590 0.013783 0.709255 0.541667 -0.451171 0.536729 0.000000 0.843755 0.000000 0.000000
-0.191305 0.997590 0.529317 0.709255 0.541667 -0.451171 0.536729 0.000000 0.843755 1.000000 0.000000
-0.203865 0.452712 0.747179 -0.230730 0.458333 0.858309 -0.965715 0.000000 -0.259603 0.000000 1.000000
-0.793917 0.452712 0.588562 -0.230730 0.458333 0.858309 -0.965715 0.000000 -0.259603 1.000000 1.000000
-0.131165 0.995757 0.476738 -0.230730 0.458333 0.858309 -0.965715 0.000000 -0.259603 0.000000 0.000000
-0.721217 0.995757 0.318121 -0.230730 0.458333 0.858309 -0.965715 0.000000 -0.259603 1.000000 0.000000
-0.892663 0.464895 0.014232 -0.427274 0.375000 -0.822686 0.887448 0.000000 -0.460908 0.000000 1.000000
-0.350433 0.464895 -0.267383 -0.427274 0.375000 -0.822686 0.887448 0.000000 -0.460908 1.000000 1.000000
-0.787058 1.031307 0.217568 -0.427274 0.375000 -0.822686 0.887448 0.000000 -0.460908 0.000000 0.000000
-0.244827 1.031307 -0.064047 -0.427274 0.375000 -0.822686 0.887448 0.000000 -0.460908 1.000000 0.000000
0.250436 0.457740 0.212302 0.898480 0.291667 0.328122 -0.343037 0.000000 0.939322 0.000000 1.000000
0.040841 0.457740 0.786228 0.898480 0.291667 0.328122 -0.343037 0.000000 0.939322 1.000000 1.000000
0.083041 1.042173 0.151170 0.898480 0.291667 0.328122 -0.343037 0.000000 0.939322 0.000000 0.000000
-0.126554 1.042173 0.725096 0.898480 0.291667 0.328122 -0.343037 0.000000 0.939322 1.000000 0.000000
-0.808468 0.408636 0.799115 -0.904063 0.208333 0.373186 -0.381558 0.000000 -0.924345 0.000000 1.000000
-1.041600 0.408636 0.234340 -0.904063 0.208333 0.373186 -0.381558 0.000000 -0.924345 1.000000 1.000000
-0.690806 1.006229 0.750546 -0.904063 0.208333 0.373186 -0.381558 0.000000 -0.924345 0.000000 0.000000
-0.923938 1.006229 0.185771 -0.904063 0.208333 0.373186 -0.381558 0.000000 -0.924345 1.000000 0.000000
-0.493110 0.346658 -0.221812 0.420520 0.125000 -0.898631 0.905735 0.000000 0.423844 0.000000 1.000000
0.060294 0.346658 0.037157 0.420520 0.125000 -0.898631 0.905735 0.000000 0.423844 1.000000 1.000000
-0.525481 0.952866 -0.152636 0.420520 0.125000 -0.898631 0.905735 0.000000 0.423844 0.000000 0.000000
0.027923 0.952866 0.106332 0.420520 0.125000 -0.898631 0.905735 0.000000 0.423844 1.000000 0.000000
-0.023107 0.306134 0.480822 0.299026 0.041667 0.953335 -0.954163 0.000000 0.299286 0.000000 1.000000
-0.606101 0.306134 0.663686 0.299026 0.041667 0.953335 -0.954163 0.000000 0.299286 1.000000 1.000000
-0.030726 0.916603 0.456531 0.299026 0.041667 0.953335 -0.954163 0.000000 0.299286 0.000000 0.000000
-0.613720 0.916603 0.639395 0.299026 0.041667 0.953335 -0.954163 0.000000 0.299286 1.000000 0.000000
-0.765747 0.283989 0.441136 -0.864461 -0.041667 -0.500970 0.501405 0.000000 -0.865213 0.000000 1.000000
-0.459388 0.283989 -0.087509 -0.864461 -0.041667 -0.500970 0.501405 0.000000 -0.865213 1.000000 1.000000
-0.787774 0.894458 0.428371 -0.864461 -0.041667 -0.500970 0.501405 0.000000 -0.865213 0.000000 0.000000
-0.481415 0.894458 -0.100274 -0.864461 -0.041667 -0.500970 0.501405 0.000000 -0.865213 1.000000 0.000000
-0.145382 0.250778 -0.068774 0.969015 -0.125000 -0.213038 0.214722 0.000000 0.976675 0.000000 1.000000
-0.014187 0.250778 0.527975 0.969015 -0.125000 -0.213038 0.214722 0.000000 0.976675 1.000000 1.000000
-0.070788 0.856986 -0.085173 0.969015 -0.125000 -0.213038 0.214722 0.000000 0.976675 0.000000 0.000000
0.060407 0.856986 0.511575 0.969015 -0.125000 -0.213038 0.214722 0.000000 0.976675 1.000000 0.000000
-0.394286 0.197201 0.823060 -0.562507 -0.208333 0.800114 -0.818064 0.000000 -0.575127 0.000000 1.000000
-0.894123 0.197201 0.471657 -0.562507 -0.208333 0.800114 -0.818064 0.000000 -0.575127 1.000000 1.000000
-0.467495 0.794795 0.927193 -0.562507 -0.208333 0.800114 -0.818064 0.000000 -0.575127 0.000000 0.000000
-0.967332 0.794795 0.575790 -0.562507 -0.208333 0.800114 -0.818064 0.000000 -0.575127 1.000000 0.000000
-0.756170 0.154378 -0.071295 -0.122926 -0.291667 -0.948588 0.991708 0.000000 -0.128514 0.000000 1.000000
-0.150237 0.154378 -0.149817 -0.122926 -0.291667 -0.948588 0.991708 0.000000 -0.128514 1.000000 1.000000
-0.779072 0.738811 -0.248025 -0.122926 -0.291667 -0.948588 0.991708 0.000000 -0.128514 0.000000 0.000000
-0.173139 0.738811 -0.326547 -0.122926 -0.291667 -0.948588 0.991708 0.000000 -0.128514 1.000000 0.000000
0.009718 0.157853 0.245780 0.708851 -0.375000 0.597416 -0.644444 0.000000 0.764651 0.000000 1.000000
-0.384037 0.157853 0.712982 0.708851 -0.375000 0.597416 -0.644444 0.000000 0.764651 1.000000 1.000000
0.184919 0.724265 0.393438 0.708851 -0.375000 0.597416 -0.644444 0.000000 0.764651 0.000000 0.000000
-0.208836 0.724265 0.860640 0.708851 -0.375000 0.597416 -0.644444 0.000000 0.764651 1.000000 0.000000
-0.504687 0.195723 0.610091 -0.888021 -0.458333 0.036726 -0.041322 0.000000 -0.999146 0.000000 1.000000
-0.529934 0.195723 -0.000387 -0.888021 -0.458333 0.036726 -0.041322 0.000000 -0.999146 1.000000 1.000000
-0.784489 0.738768 0.621662 -0.888021 -0.458333 0.036726 -0.041322 0.000000 -0.999146 0.000000 0.000000
-0.809737 0.738768 0.011184 -0.888021 -0.458333 0.036726 -0.041322 0.000000 -0.999146 1.000000 0.000000
-0.583492 0.207474 0.051607 0.595835 -0.541667 -0.592940 0.705383 0.000000 0.708826 0.000000 1.000000
-0.152503 0.207474 0.484700 0.595835 -0.541667 -0.592940 0.705383 0.000000 0.708826 1.000000 1.000000
-0.348900 0.721076 -0.181845 0.595835 -0.541667 -0.592940 0.705383 0.000000 0.708826 0.000000 0.000000
0.082089 0.721076 0.251248 0.595835 -0.541667 -0.592940 0.705383 0.000000 0.708826 1.000000 0.000000
-0.098397 0.146737 0.391353 -0.036055 -0.625000 0.779792 -0.998933 0.000000 -0.046187 0.000000 1.000000
-0.708745 0.146737 0.363133 -0.036055 -0.625000 0.779792 -0.998933 0.000000 -0.046187 1.000000 1.000000
-0.116035 0.623699 0.772820 -0.036055 -0.625000 0.779792 -0.998933 0.000000 -0.046187 0.000000 0.000000
-0.726383 0.623699 0.744600 -0.036055 -0.625000 0.779792 -0.998933 0.000000 -0.046187 1.000000 0.000000
-0.713297 0.043884 0.401381 -0.452265 -0.708333 -0.541960 0.767781 0.000000 -0.640713 0.000000 1.000000
-0.244183 0.043884 0.009906 -0.452265 -0.708333 -0.541960 0.767781 0.000000 -0.640713 1.000000 1.000000
-0.990592 0.475175 0.069092 -0.452265 -0.708333 -0.541960 0.767781 0.000000 -0.640713 0.000000 0.000000
-0.521478 0.475175 -0.322383 -0.452265 -0.708333 -0.541960 0.767781 0.000000 -0.640713 1.000000 0.000000
-0.276990 -0.007608 0.008298 0.605497 -0.791667 0.081466 -0.133342 0.000000 0.991070 0.000000 1.000000
-0.358462 -0.007608 0.613841 0.605497 -0.791667 0.081466 -0.133342 0.000000 0.991070 1.000000 1.000000
0.202399 0.365684 0.072796 0.605497 -0.791667 0.081466 -0.133342 0.000000 0.991070 0.000000 0.000000
0.120927 0.365684 0.678340 0.605497 -0.791667 0.081466 -0.133342 0.000000 0.991070 1.000000 0.000000
-0.184313 0.059689 0.522101 -0.397395 -0.875000 0.276500 -0.571136 0.000000 -0.820855 0.000000 1.000000
-0.533277 0.059689 0.020559 -0.397395 -0.875000 0.276500 -0.571136 0.000000 -0.820855 1.000000 1.000000
-0.623162 0.355489 0.827445 -0.397395 -0.875000 0.276500 -0.571136 0.000000 -0.820855 0.000000 0.000000
-0.972127 0.355489 0.325902 -0.397395 -0.875000 0.276500 -0.571136 0.000000 -0.820855 1.000000 0.000000
-0.742886 0.215863 0.432251 0.062694 -0.958333 -0.278687 0.975618 0.000000 0.219476 0.000000 1.000000
-0.146784 0.215863 0.566351 0.062694 -0.958333 -0.278687 0.975618 0.000000 0.219476 1.000000 1.000000
-0.614374 0.390397 -0.139014 0.062694 -0.958333 -0.278687 0.975618 0.000000 0.219476 0.000000 0.000000
-0.018271 0.390397 -0.004914 0.062694 -0.958333 -0.278687 0.975618 0.000000 0.219476 1.000000 0.000000
0 1 3 0 3 2 4 5 7 4 7 6 8 9 11 8 11 10 12 13 15 12 15 14 16 17 19 16 19 18 20 21 23 20 23 22 24 25 27 24 27 26 28 29 31 28 31 30 32 33 35 32 35 34 36 37 39 36 39 38 40 41 43 40 43 42 44 45 47 44 47 46 48 49 51 48 51 50 52 53 55 52 55 54 56 57 59 56 59 58 60 61 63 60 63 62 64 65 67 64 67 66 68 69 71 68 71 70 72 73 75 72 75 74 76 77 79 76 79 78 80 81 83 80 83 82 84 85 87 84 87 86 88 89 91 88 91 90 92 93 95 92 95 94 96 97 99 96 99 98 100 101 103 100 103 102 104 105 107 104 107 106 108 109 111 108 111 110 112 113 115 112 115 114 116 117 119 116 119 118 120 121 123 120 123 122 124 125 127 124 127 126 128 129 131 128 131 130 132 133 135 132 135 134 136 137 139 136 139 138 140 141 143 140 143 142 144 145 147 144 147 146 148 149 151 148 151 150 152 153 155 152 155 154 156 157 159 156 159 158 160 161 163 160 163 162 164 165 167 164 167 166 168 169 171 168 171 170 172 173 175 172 175 174 176 177 179 176 179 178 180 181 183 180 183 182 184 185 187 184 187 186 188 189 191 188 191 190 192 193 195 192 195 194 196 197 199 196 199 198 200 201 203 200 203 202 204 205 207 204 207 206 208 209 211 208 211 210 212 213 215 212 215 214 216 217 219 216 219 218 220 221 223 220 223 222 224 225 227 224 227 226 228 229 231 228 231 230 232 233 235 232 235 234 236 237 239 236 239 238 240 241 243 240 243 242 244 245 247 244 247 246 248 249 251 248 251 250 252 253 255 252 255 254 256 257 259 256 259 258 260 261 263 260 263 262 264 265 267 264 267 266 268 269 271 268 271 270 272 273 275 272 275 274 276 277 279 276 279 278 280 281 283 280 283 282 284 285 287 284 287 286
